Book Id,Title,Author,Author l-f,Additional Authors,ISBN,ISBN13,My Rating,Average Rating,Publisher,Binding,Number of Pages,Year Published,Original Publication Year,Date Read,Date Added,Bookshelves,Bookshelves with positions,Exclusive Shelf,My Review,Spoiler,Private Notes,Read Count,Owned Copies
222531211,A Different Kind of Power,Jacinda Ardern,"Ardern, Jacinda",,"=""0593728696""","=""9780593728697""",4,4.50,Crown,Hardcover,352,2025,2025,2025/07/13,2025/07/06,2025,2025 (#13),read,,,,1,0
60811826,I Who Have Never Known Men,Jacqueline Harpman,"Harpman, Jacqueline","Ros Schwartz, Sophie Mackintosh","=""1945492600""","=""9781945492600""",5,4.14,Transit Books,Paperback,184,2022,1995,2025/06/09,2025/05/21,2025,2025 (#12),read,,,,1,0
218271233,Oroppa,Safae el Khannoussi,"Khannoussi, Safae el",,"=""9493339122""","=""9789493339125""",0,3.52,Uitgeverij Pluim,Paperback,396,2024,2024,,2025/07/06,currently-reading,currently-reading (#2),currently-reading,,,,1,0
37004370,The Memory Police,Yōko Ogawa,"Ogawa, Yōko",Stephen    Snyder,"=""1101870605""","=""9781101870600""",0,3.71,Pantheon,Hardcover,274,2019,1994,,2025/07/06,to-read,to-read (#44),to-read,,,,0,0
18280790,All You Need Is Kill (All You Need Is Kill: Official Graphic Novel Adaptation),Nick Mamatas,"Mamatas, Nick","Hiroshi Sakurazaka, Lee Ferguson","=""142156081X""","=""9781421560816""",2,3.17,Haikasoru,Graphic Novel,96,2014,,,2016/07/19,comics,comics (#23),read,,,,1,0
30638114,Van der Laan,Kemal Rijken,"Rijken, Kemal",,"=""9026333919""","=""9789026333910""",3,3.79,Ambo | Anthos,Paperback,417,2016,,2025/06/08,2025/05/21,2025,2025 (#11),read,,,,1,0
22328,Neuromancer (Sprawl #1),William Gibson,"Gibson, William",,"=""""","=""""",4,3.89,Ace Books,Mass Market Paperback,271,1984,1984,2015/05/05,2015/02/25,2015,2015 (#7),read,,,,1,0
13821,Lord of Light,Roger Zelazny,"Zelazny, Roger",,"=""0060567236""","=""9780060567231""",4,4.05,Harper Voyager,Paperback,296,2010,1967,2025/05/21,2025/03/25,2025,2025 (#10),read,,,,1,0
9791,A Walk in the Woods: Rediscovering America on the Appalachian Trail,Bill Bryson,"Bryson, Bill",,"=""0307279464""","=""9780307279460""",4,4.07,Vintage,Mass Market Paperback,397,2006,1998,2025/05/03,2025/04/19,2025,2025 (#9),read,,,,1,0
34497,"The Color of Magic (Discworld, #1; Rincewind, #1)",Terry Pratchett,"Pratchett, Terry",,"=""0060855924""","=""9780060855925""",0,3.99,Harper,Paperback,228,2005,1983,,2025/04/19,to-read,to-read (#43),to-read,,,,0,0
35959740,Circe,Madeline Miller,"Miller, Madeline",,"=""0316556343""","=""9780316556347""",0,4.22,"Little, Brown and Company",Hardcover,393,2018,2018,,2025/04/19,to-read,to-read (#42),to-read,,,,0,0
886066,"Matter (Culture, #8)",Iain M. Banks,"Banks, Iain M.",,"=""1841494186""","=""9781841494180""",0,4.11,Orbit,Trade Paperback,593,2008,2008,,2023/01/06,currently-reading,currently-reading (#1),currently-reading,,,,2,0
77197,"Assassin's Apprentice (Farseer Trilogy, #1)",Robin Hobb,"Hobb, Robin",,"=""055357339X""","=""9780553573398""",3,4.19,Spectra Books,Mass Market Paperback,435,1996,1995,2025/04/19,2024/08/24,2025,2025 (#8),read,,,,1,0
13175692,The Shadow over Innsmouth,H.P. Lovecraft,"Lovecraft, H.P.",,"=""1450562795""","=""9781450562799""",4,4.10,Visionary Publishing Company,Paperback,158,1936,1936,2025/04/13,2025/03/29,2025,2025 (#7),read,,,,1,0
13147230,"The Long Earth (The Long Earth, #1)",Terry Pratchett,"Pratchett, Terry",Stephen Baxter,"=""0062067753""","=""9780062067753""",0,3.78,HarperCollins Harper,Hardcover,336,2012,2012,,2025/03/27,to-read,to-read (#41),to-read,,,,0,0
202931164,De mens is een plofkip,Teun van de Keuken,"Keuken, Teun van de",,"=""9400411332""","=""9789400411333""",4,3.70,Thomas Rap,Kindle Edition,94,2024,2024,2025/03/27,2025/03/23,2025,2025 (#6),read,,,,1,0
123136728,Orbital,Samantha Harvey,"Harvey, Samantha",,"=""0802161545""","=""9780802161543""",0,3.56,Atlantic Monthly Press,Hardcover,207,2023,2023,,2025/03/23,to-read,to-read (#40),to-read,,,,0,0
28446947,"Autumn (Seasonal Quartet, #1)",Ali Smith,"Smith, Ali",,"=""0241207002""","=""9780241207000""",0,3.66,Hamish Hamilton,Hardcover,264,2016,2016,,2025/03/23,to-read,to-read (#39),to-read,,,,0,0
530965,The Day of the Triffids,John Wyndham,"Wyndham, John",Samuel West,"=""0812967127""","=""9780812967128""",0,4.01,Modern Library,Paperback,228,2003,1951,,2025/03/23,to-read,to-read (#38),to-read,,,,0,0
27833670,Dark Matter,Blake Crouch,"Crouch, Blake",,"=""1101904224""","=""9781101904220""",2,4.14,Ballantine Books,Hardcover,342,2016,2016,2017/10/22,2017/10/19,2017,2017 (#37),read,,,,1,0
228694385,Gelijkheid: Wat het is en waarom het ertoe doet,Thomas Piketty,"Piketty, Thomas","Michael J. Sandel, Tim 'S Jongers, Irene Van Staveren, Alexander van Kesteren","=""9025913180""","=""9789025913182""",0,3.88,Ten Have,Paperback,160,2025,2025,,2025/03/08,to-read,to-read (#37),to-read,,,,0,0
60784562,"Antimatter Blues (Mickey7, #2)",Edward Ashton,"Ashton, Edward",,"=""1250275059""","=""9781250275059""",0,3.98,St. Martin's Press,Hardcover,292,2023,2023,,2025/03/07,to-read,to-read (#36),to-read,,,,0,0
57693457,"Mickey7 (Mickey7, #1)",Edward Ashton,"Ashton, Edward",,"=""1250275032""","=""9781250275035""",4,3.79,St. Martin's Press,Hardcover,296,2022,2022,2025/03/07,2025/03/04,2025,2025 (#5),read,,,,1,0
223338038,Op een andere planeet kunnen ze me redden,Lieke Marsman,"Marsman, Lieke",,"=""9493256987""","=""9789493256989""",4,4.16,Pluim,Hardcover,198,2025,2025,2025/03/04,2025/03/02,2025,2025 (#4),read,,,,1,0
15096164,"Pines (Wayward Pines, #1)",Blake Crouch,"Crouch, Blake",,"=""1612183956""","=""9781612183954""",3,3.93,Thomas & Mercer,Paperback,307,2012,2012,2025/03/02,2025/02/10,2025,2025 (#3),read,,,,1,0
210151987,Waardenloze politiek (Dutch Edition),Tom van der Meer,"Meer, Tom van der",,"=""9021498367""","=""9789021498362""",4,3.87,Querido,Kindle Edition,194,2024,,2025/02/02,2024/12/31,2025,2025 (#2),read,,,,1,0
60166662,We waren gewaarschuwd,Jaap Tielbeke,"Tielbeke, Jaap",,"=""9493248216""","=""9789493248212""",3,3.85,Das Mag Uitgeverij B.V. ,Paperback,184,2022,,2025/01/11,2024/12/31,2025,2025 (#1),read,,,,1,0
25489025,The Vegetarian,Han Kang,"Kang, Han",Deborah Smith,"=""0553448188""","=""9780553448184""",3,3.64,Hogarth,Hardcover,188,2016,2007,2024/10/18,2024/09/11,2024,2024 (#21),read,,,,1,0
220975103,Komt een land bij de dokter: Nederland door de ogen van een straatarts,Michelle van Tongerloo,"Tongerloo, Michelle van",,"=""9493254526""","=""9789493254527""",4,4.35,De Correspondent,Paperback,284,2024,2024,2024/12/27,2024/12/08,2024,2024 (#27),read,,,,1,0
61190770,Chain-Gang All-Stars,Nana Kwame Adjei-Brenyah,"Adjei-Brenyah, Nana Kwame",,"=""0593317335""","=""9780593317334""",0,4.12,Pantheon,Hardcover,367,2023,2023,,2024/12/26,to-read,to-read (#35),to-read,,,,0,0
5308,The Pearl,John Steinbeck,"Steinbeck, John",,"=""0142000698""","=""9780142000694""",4,3.55,Penguin Books,Paperback,96,2002,1947,2024/12/22,2018/12/21,2024,2024 (#26),read,,,,1,0
220412237,De domheid regeert: Hoe opzettelijke onwetendheid een politieke strategie werd,Sander Schimmelpenninck,"Schimmelpenninck, Sander",,"=""9493254496""","=""9789493254497""",4,3.76,De Correspondent,Paperback,184,2024,2024,2024/12/15,2024/12/15,2024,2024 (#25),read,,,,1,0
58808564,De Mitsukoshi Troostbaby Company,Auke Hulst,"Hulst, Auke",,"=""902634693X""","=""9789026346934""",4,4.07,Ambo|Anthos,Hardcover,608,2021,2021,2024/12/15,2022/10/07,2024,2024 (#24),read,,,,1,0
28695425,Strangers in Their Own Land: Anger and Mourning on the American Right,Arlie Russell Hochschild,"Hochschild, Arlie Russell",,"=""1620972255""","=""9781620972250""",5,4.12,The New Press,Hardcover,242,2016,2016,2024/12/02,2016/11/11,2024,2024 (#23),read,,,,1,0
22085241,Pluche,Femke Halsema,"Halsema, Femke",,"=""9026328060""","=""9789026328060""",4,3.89,Ambo | Anthos,Paperback,392,2016,2014,2024/11/02,2024/10/20,2024,2024 (#22),read,,,,1,0
214452480,Gekaapt door het kapitaal (Dutch Edition),Mirjam de Rijk,"Rijk, Mirjam de",,"=""9493339408""","=""9789493339408""",4,3.83,Uitgeverij Pluim,Kindle Edition,164,2024,,2024/10/12,2024/09/14,2024,2024 (#20),read,,,,1,0
58661724,"Jagen, verzamelen, opvoeden: wat we van oude culturen kunnen leren over het opvoeden van blije en behulpzame kinderen",Michaeleen Doucleff,"Doucleff, Michaeleen",,"=""940051316X""","=""9789400513167""",1,4.15,Lev boeken,Paperback,354,2021,2021,2024/09/19,2024/09/01,2024,2024 (#19),read,,,,1,0
151406251,De stad - Het verhaal van Amsterdam van 1980 tot vandaag,Marcel van Engelen,"Engelen, Marcel van",,"=""940311262X""","=""9789403112626""",4,4.35,De Bezige Bij,Kindle Edition,489,2024,,2024/08/24,2024/05/07,2024,2024 (#18),read,,,,1,0
212435142,In onze tijd: Leven in het Calamiteitperk,Tim Fransen,"Fransen, Tim",,"=""902134260X""","=""9789021342603""",4,4.22,Alfabet Uitgevers,Paperback,368,2024,2024,2024/08/17,2024/08/05,2024,2024 (#17),read,,,,1,0
48484,"Blindsight (Firefall, #1)",Peter Watts,"Watts, Peter",,"=""0765312182""","=""9780765312181""",4,4.01,Tor Books,Hardcover,384,2006,2006,2016/06/14,2015/11/18,2016,2016 (#20),read,,,,1,0
6443834,"1Q84 Book 1 (1Q84, #1)",Haruki Murakami,"Murakami, Haruki",,"=""4103534222""","=""9784103534228""",3,3.95,Shinchosha/Tsai Fong Books,Hardcover,554,2009,2009,2018/06/04,2018/05/15,2018,2018 (#10),read,,,,1,0
12017,"Inversions (Culture, #6)",Iain M. Banks,"Banks, Iain M.",,"=""074341196X""","=""9780743411967""",4,3.96,Pocket Books,Paperback,343,2001,1998,2024/08/05,2023/01/06,2024,2024 (#16),read,,,,1,0
129131,"The State of the Art (Culture, #4)",Iain M. Banks,"Banks, Iain M.",,"=""1597800740""","=""9781597800747""",4,3.83,Night Shade Books (San Francisco),Paperback,188,2007,1991,2024/07/28,2023/01/06,2024,2024 (#15),read,,,,1,0
211168811,Armoede uitgelegd aan mensen met geld,Tim 'S Jongers,"Jongers, Tim 'S",,"=""9493254461""","=""9789493254466""",4,4.04,De Correspondent,Paperback,186,2024,2024,2024/07/23,2024/07/20,2024,2024 (#14),read,,,,1,0
39794472,Concept M,Aafke Romeijn,"Romeijn, Aafke",,"=""9029510056""","=""9789029510059""",3,3.44,De Arbeiderspers,Paperback,253,2017,2018,2024/06/19,2024/05/28,2024,2024 (#12),read,,,,1,0
210193750,De net-niet elite: Hoogopgeleiden tussen macht en meritocratie,Dylan van Rijsbergen,"Rijsbergen, Dylan van",,"=""9462499365""","=""9789462499362""",4,3.98,Mazirel Pers,Kindle Edition,201,2024,2024,2024/07/20,2024/06/09,2024,2024 (#13),read,,,,1,0
151418508,Plan van de Arbeid (Dutch Edition),Michiel Zonneveld,"Zonneveld, Michiel",,"=""9021423839""","=""9789021423838""",3,3.83,Querido Fosfor,Kindle Edition,136,2023,,2024/05/31,2024/05/20,2024,2024 (#11),read,,,,1,0
199339145,Ik kom hier nog op terug,Rob van Essen,"Essen, Rob van",,"=""9025475272""","=""9789025475277""",4,3.68,Atlas Contact,Paperback,398,2023,2023,2024/06/13,2024/05/20,2024,2024 (#10),read,,,,1,0
28763,His Master's Voice,Stanisław Lem,"Lem, Stanisław",Michael Kandel,"=""0810117312""","=""9780810117310""",4,4.07,Northwestern University Press,Paperback,199,1999,1968,2024/05/26,2020/07/27,2024,2024 (#9),read,,,,1,0
53317419,"Love People, Use Things: Because the Opposite Never Works",Joshua Fields Millburn,"Millburn, Joshua Fields",Ryan Nicodemus,"=""1250236517""","=""9781250236517""",3,3.78,Celadon Books,Hardcover,336,2021,2021,2024/05/04,2024/04/17,2024,2024 (#8),read,,,,1,0
332613,One Flew Over the Cuckoo's Nest,Ken Kesey,"Kesey, Ken",,"=""""","=""""",4,4.20,Signet,Mass Market Paperback,325,1963,1962,2024/05/02,2022/05/03,2024,2024 (#7),read,,,,1,0
199122945,Hoe migratie echt werkt,Hein de Haas,"Haas, Hein de",,"=""9000386853""","=""9789000386857""",5,4.38,Spectrum,Paperback,520,2023,2023,2024/04/17,2024/02/21,2024,2024 (#6),read,,,,1,0
40108964,Weg ermee,Dennis Storm,"Storm, Dennis",,"=""9000347483""","=""9789000347483""",4,3.67,Spectrum,Paperback,112,2018,2018,2024/03/17,2024/03/14,2024,2024 (#5),read,,,,1,0
42625575,Fokking druk: Het ultieme anti-stressboek,Thijs Launspach,"Launspach, Thijs",,"=""9000363705""","=""""",4,3.64,Spectrum,Kindle Edition,240,2018,2018,2022/10/07,2022/09/18,2022,2022 (#19),read,,,,1,0
61024548,Neoliberalisme: Een Nederlandse Geschiedenis,Bram Mellink,"Mellink, Bram",Merijn Oudenampsen,"=""9024442486""","=""9789024442485""",4,4.16,Boom,Paperback,336,2022,,2024/02/21,2023/08/15,2024,2024 (#4),read,,,,1,0
23515727,No Country for Old Men,Cormac McCarthy,"McCarthy, Cormac",,"=""0375706674""","=""9780375706677""",5,4.17,Vintage International,Paperback,309,2006,2005,2024/02/14,2024/02/04,2024,2024 (#3),read,,,,1,0
63852101,We hebben het over je gehad,Stéphanie Hoogenberk,"Hoogenberk, Stéphanie",,"=""9044650904""","=""9789044650907""",3,3.33,Prometheus,Paperback,224,2023,,2024/02/04,2024/02/04,2024,2024 (#2),read,,,,1,0
28408482,Krakatiet,Karel Čapek,"Čapek, Karel",Irma Pieper,"=""9028426396""","=""9789028426399""",4,3.69,Wereldbibliotheek,Paperback,368,2016,1922,2024/02/04,2023/09/30,2024,2024 (#1),read,,,,1,0
55762254,Een land van kleine buffers,Dirk Bezemer,"Bezemer, Dirk",,"=""908308003X""","=""9789083080031""",0,3.90,Uitgeverij Pluim,Paperback,320,2020,,,2021/10/23,to-read,to-read (#27),to-read,,,,0,0
37795360,Onder de paramariboom,Johan Fretz,"Fretz, Johan",,"=""9048842883""","=""9789048842889""",4,3.93,Lebowski,Paperback,240,2018,2017,2023/12/30,2023/12/30,2023,2023 (#28),read,,,,1,0
23878,Chronicle of a Death Foretold,Gabriel García Márquez,"Márquez, Gabriel García",Gregory Rabassa,"=""140003471X""","=""9781400034710""",0,3.97,Vintage,Paperback,120,2003,1981,2023/12/26,2019/02/07,2023,2023 (#27),read,,,,1,0
36317638,Poverty Safari,Darren McGarvey,"McGarvey, Darren",,"=""1912147033""","=""9781912147038""",4,4.02,Luath Press,Paperback,224,2017,2017,2023/12/17,2023/12/16,2023,2023 (#26),read,,,,1,0
331256,Roadside Picnic,Arkady Strugatsky,"Strugatsky, Arkady","Boris Strugatsky, Theodore Sturgeon, Antonina W. Bouis","=""0575070536""","=""9780575070530""",4,4.13,Gollancz,Paperback,145,2000,1972,2017/05/07,2017/05/02,"2017, 2023","2017 (#16), 2023 (#25)",read,,,,2,0
10872083,Oorlog met de salamanders,Karel Čapek,"Čapek, Karel",Irma Pieper,"=""9028423915""","=""9789028423916""",5,4.17,Wereldbibliotheek,Paperback,286,2011,1936,2023/09/19,2018/05/03,2023,2023 (#23),read,,,,1,0
197693457,In schaamte kun je niet wonen,Cody Hochstenbach,"Hochstenbach, Cody",,"=""9493320073""","=""9789493320079""",4,4.12,Das Mag,Paperback,100,2023,,2023/09/17,2023/09/09,2023,2023 (#22),read,,,,1,0
123190670,Misschien moet je iets lager mikken: een verhaal over armoede en kansenongelijkheid,Milio van de Kamp,"Kamp, Milio van de",,"=""9045045621""","=""9789045045627""",4,4.26,Atlas Contact,Paperback,216,2023,,2023/10/14,2023/10/14,2023,2023 (#24),read,,,,1,0
54870256,There Is No Antimemetics Division,qntm,"qntm, qntm",Sam  Hughes,"=""""","=""""",0,4.22,,Kindle Edition,220,2020,2020,,2023/09/16,to-read,to-read (#34),to-read,,,,0,0
59318979,Verwilderd,Richard Powers,"Powers, Richard",Jelle Noorman,"=""9025471390""","=""9789025471392""",4,3.91,Atlas Contact,Paperback,304,2021,2021,2023/08/17,2023/08/05,2023,2023 (#19),read,,,,1,0
64405809,"The Big Con: How the Consulting Industry Weakens our Businesses, Infantilizes our Governments and Warps our Economies",Mariana Mazzucato,"Mazzucato, Mariana",Rosie Collington,"=""0593492676""","=""9780593492673""",0,3.62,Penguin Press,Hardcover,352,2023,2023,,2023/08/23,to-read,to-read (#33),to-read,,,,0,0
3417804,Blokken / Knorrende beesten / Bint,F. Bordewijk,"Bordewijk, F.",,"=""9038803427""","=""9789038803425""",3,3.41,Nijgh & Van Ditmar ,Paperback,155,2007,1949,2023/08/21,2023/08/18,2023,2023 (#21),read,,,,1,0
276767,The Word for World Is Forest,Ursula K. Le Guin,"Guin, Ursula K. Le",,"=""""","=""""",4,4.06,,ebook,160,1989,1972,2023/08/19,2021/07/22,2023,2023 (#20),read,,,,1,0
9593,Galápagos,Kurt Vonnegut Jr.,"Jr., Kurt Vonnegut",,"=""0385333870""","=""9780385333870""",4,3.87,Dial Press Trade Paperback,Paperback,324,1999,1985,2023/08/15,2018/07/03,2023,2023 (#18),read,,,,1,0
49929823,Waarom de superrijken de wereld niet zullen veranderen,Anand Giridharadas,"Giridharadas, Anand",,"=""""","=""""",5,4.13,,Paperback,334,2019,2018,2023/08/12,2021/07/12,2023,2023 (#17),read,,,,1,0
57328903,Klara en de zon,Kazuo Ishiguro,"Ishiguro, Kazuo",Peter Bergsma,"=""9025470076""","=""9789025470074""",4,3.74,Atlas Contact,ebook,352,2021,2021,2023/08/08,2023/08/05,2023,2023 (#16),read,,,,1,0
124943816,Het Surinamedagboek,Merijn de Boer,"Boer, Merijn de",,"=""9021475618""","=""9789021475615""",3,3.52,Querido,Kindle Edition,280,2023,2023,2023/08/01,2023/08/01,2023,2023 (#15),read,,,,1,0
141894508,Waarachtige beschrijvingen uit de permafrost,Donald Niedekker,"Niedekker, Donald",,"=""9083295540""","=""9789083295541""",3,3.60,Koppernik,Kindle Edition,178,2023,2022,2023/08/01,2023/08/01,2023,2023 (#14),read,,,,1,0
254308,Oblomov,Ivan Goncharov,"Goncharov, Ivan","Galya Diment, Stephen Pearl","=""1933480092""","=""9781933480091""",5,4.13,Bunim & Bannigan Ltd,Paperback,586,2006,1859,2019/01/22,2018/12/04,2019,2019 (#1),read,,,,1,0
59693959,Lapvona,Ottessa Moshfegh,"Moshfegh, Ottessa",,"=""""","=""""",4,3.54,Penguin Press,Kindle Edition,313,2022,2022,2023/07/24,2023/04/22,2023,2023 (#13),read,,,,1,0
16251,News of a Kidnapping,Gabriel García Márquez,"Márquez, Gabriel García",Edith Grossman,"=""0140267832""","=""9780140267839""",3,3.91,Penguin,Paperback,291,1998,1996,2023/07/22,2023/06/25,2023,2023 (#12),read,,,,1,0
53288287,Het recht van de snelste,Thalia Verkade,"Verkade, Thalia",Marco te Brömmelstroet,"=""9083000710""","=""9789083000718""",3,4.18,De Correspondent,Paperback,264,2020,2020,2023/07/22,2023/07/02,2023,2023 (#11),read,,,,1,0
52745048,Mission Economy: A Moonshot Guide to Changing Capitalism,Mariana Mazzucato,"Mazzucato, Mariana",,"=""0241435315""","=""9780241435311""",4,3.85,Allen Lane,Paperback,272,2021,2020,2023/07/02,2023/06/25,2023,2023 (#10),read,,,,1,0
38344476,Polarisatie - inzicht in de dynamiek van wij-zij denken,Bart Brandsma,"Brandsma, Bart",,"=""9789082595""","=""""",3,4.09,BB In media,Hardcover,124,2016,2016,2023/04/27,2023/04/10,2023,2023 (#9),read,,,,1,0
7331435,A Visit from the Goon Squad,Jennifer Egan,"Egan, Jennifer",,"=""0307592839""","=""9780307592835""",0,3.70,Knopf,Hardcover,274,2010,2010,,2023/04/22,to-read,to-read (#32),to-read,,,,0,0
49090884,Tender Is the Flesh,Agustina Bazterrica,"Bazterrica, Agustina",Sarah Moses,"=""1982150920""","=""9781982150921""",4,3.78,Scribner,Paperback,209,2020,2017,2023/04/08,2023/03/03,2023,2023 (#5),read,,,,1,0
62828665,Man zonder rijbewijs,Oek de Jong,"Jong, Oek de",,"=""902547392X""","=""9789025473921""",3,3.62,Atlas Contact,Paperback,224,2022,2022,2023/04/19,2023/04/16,2023,2023 (#8),read,,,,1,0
84282623,Avondmensen (Dutch Edition),Caroline van Keeken,"Keeken, Caroline van",,"=""9021340437""","=""9789021340432""",5,3.51,Alfabet uitgevers,Kindle Edition,158,2023,,2023/04/10,2023/04/05,2023,2023 (#7),read,,,,1,0
57535025,Het Grote Doorbraakboek,Els Westerveen,"Westerveen, Els","Marit Lüschen, Harry Kruiter","=""9083100006""","=""9789083100005""",4,3.80,Instituut voor Publieke Waarden,Paperback,124,2020,,2023/04/08,2023/02/26,2023,2023 (#6),read,,,,1,0
59641932,De Zwijger: Het leven van Willem van Oranje,René van Stipriaan,"Stipriaan, René van",,"=""""","=""9789021402758""",5,4.31,Querido Facto,Hardcover,944,2021,2021,2023/04/06,2022/12/30,2023,2023 (#4),read,,,,1,0
61994326,Tussentijds,Peter Zantingh,"Zantingh, Peter",,"=""9493248453""","=""9789493248458""",3,3.81,Das Mag,Paperback,175,2022,2022,2023/02/26,2023/01/06,2023,2023 (#2),read,,,,1,0
60725495,Nu is het aan ons,Eva Rovers,"Rovers, Eva",,"=""9493254097""","=""9789493254091""",3,3.94,De Correspondent,Paperback,192,2022,,2023/02/26,2023/02/26,2023,2023 (#3),read,,,,1,0
63105991,Rotterdam: een ode aan inefficiëntie,Arjen van Veelen,"Veelen, Arjen van",,"=""9493254186""","=""9789493254183""",4,4.21,De Correspondent,Paperback,368,2022,2022,2023/02/26,2022/12/23,2023,2023 (#1),read,,,,1,0
13497991,"The Hydrogen Sonata (Culture, #10)",Iain M. Banks,"Banks, Iain M.",,"=""0356501507""","=""9780356501505""",0,4.20,Orbit,Hardcover,517,2012,2012,,2023/01/06,to-read,to-read (#31),to-read,,,,0,0
7937744,"Surface Detail (Culture, #9)",Iain M. Banks,"Banks, Iain M.",,"=""0316123404""","=""9780316123402""",0,4.26,Orbit/Hachette Book Group ,Hardcover,627,2010,2010,,2023/01/06,to-read,to-read (#30),to-read,,,,0,0
10365343,Zone One,Colson Whitehead,"Whitehead, Colson",,"=""0385528078""","=""9780385528078""",3,3.25,Doubleday,Hardcover,259,2011,2011,2022/12/30,2022/01/02,2022,2022 (#30),read,,,,1,0
42816183,'t Hooge Nest,Roxane van Iperen,"Iperen, Roxane van",,"=""9048841798""","=""""",3,4.37,Lebowski,Kindle Edition,389,2018,2018,2022/12/24,2022/12/23,2022,2022 (#29),read,,,,1,0
58313754,De onmisbaren,Ron Meyer,"Meyer, Ron",,"=""9044648837""","=""9789044648836""",3,3.57,Prometheus,Paperback,160,2021,,2022/12/10,2022/12/10,2022,2022 (#28),read,,,,1,0
61282641,Wankel koninkrijk,Tim de Wit,"Wit, Tim de",,"=""9029544252""","=""9789029544252""",4,4.12,de Arbeiderspers,Paperback,296,2022,2022,2022/12/10,2022/11/30,2022,2022 (#27),read,,,,1,0
60810553,Eigen welzijn eerst,Roxane van Iperen,"Iperen, Roxane van",,"=""940040932X""","=""9789400409323""",4,3.87,Thomas Rap,Hardcover,144,2022,2022,2022/11/30,2022/11/29,2022,2022 (#26),read,,,,1,0
6585431,De stille kracht,Louis Couperus,"Couperus, Louis",F.L. Bastet,"=""""","=""""",5,3.58,Athenaeum - Polak & Van Gennep,Hardcover,249,2007,1900,2022/11/29,2022/11/09,2022,2022 (#25),read,,,,1,0
57818562,Maar dat mag je niet zeggen: De nieuwe generatie radicaal- en extreemrechts in Nederland,Nikki Sterkenburg,"Sterkenburg, Nikki",,"=""9493168816""","=""9789493168817""",4,3.73,Das Mag,Paperback,248,2021,2021,2022/11/09,2022/11/09,2022,2022 (#24),read,,,,1,0
20170404,Station Eleven,Emily St. John Mandel,"Mandel, Emily St. John",,"=""0385353308""","=""9780385353304""",3,4.07,Knopf,Hardcover,333,2014,2014,2022/11/25,2022/09/11,2022,2022 (#23),read,,,,1,0
32564819,"Karl Marx's Ecosocialism: Capital, Nature, and the Unfinished Critique of Political Economy",Kōhei Saitō,"Saitō, Kōhei",,"=""1583676414""","=""9781583676417""",0,4.01,Monthly Review Press,Hardcover,368,2017,2017,,2022/11/07,to-read,to-read (#29),to-read,,,,0,0
163977,Tortilla Flat,John Steinbeck,"Steinbeck, John",,"=""0582461502""","=""9780582461505""",4,3.83,Pearson Schools,Hardcover,256,2001,1935,2022/10/23,2018/12/21,2022,2022 (#22),read,,,,1,0
4900,Heart of Darkness,Joseph Conrad,"Conrad, Joseph",,"=""1892295490""","=""9781892295491""",3,3.43,Green Integer,Paperback,188,2003,1899,2022/10/20,2022/10/07,2022,2022 (#21),read,,,,1,0
16150932,De omzwervingen van Baldassare,Amin Maalouf,"Maalouf, Amin",Maria Noordman,"=""9044502646""","=""9789044502640""",3,3.88,Uitgeverij De Geus,Hardcover,476,2003,2000,2022/10/19,2021/04/18,2022,2022 (#20),read,,,,1,0
61266541,Beledigende broccoli. Over de ervaringskennis van kwetsbare mensen,Tim 'S Jongers,"Jongers, Tim 'S",,"=""""","=""9789461645623""",4,3.96,Uitgeverij Van Gennep,Paperback,91,2022,2022,2022/10/01,2022/09/20,2022,2022 (#18),read,,,,1,0
40880530,Zoeklicht op het gazon,Auke Hulst,"Hulst, Auke",,"=""9026333498""","=""9789026333491""",4,3.56,Ambo|Anthos uitgevers,Hardcover,189,2018,2018,2022/10/01,2022/09/24,2022,2022 (#17),read,,,,1,0
59471892,Waanzin aan het einde van de aarde,Julian Sancton,"Sancton, Julian",Frans Reusink,"=""9048846862""","=""9789048846863""",5,4.27,Hollands Diep,Kindle Edition,473,2021,2021,2022/09/12,2022/09/10,2022,2022 (#16),read,,,,1,0
12016,"Look to Windward (Culture, #7)",Iain M. Banks,"Banks, Iain M.",,"=""0743421922""","=""9780743421928""",4,4.23,Pocket Books/Simon & Schuster (NY),Mass Market Paperback,496,2002,2000,2022/09/11,2022/05/23,2022,2022 (#15),read,,,,1,0
59829937,De opkomst van de meritocratie,Michael Young,"Young, Michael",Huub Stegeman,"=""9025314252""","=""9789025314255""",4,3.79,Athenaeum,Paperback,192,2022,1958,2022/09/10,2022/08/23,2022,2022 (#14),read,,,,1,0
37903770,Norse Mythology,Neil Gaiman,"Gaiman, Neil",,"=""""","=""""",4,4.10,W. W. Norton & Company,Paperback,301,2018,2017,2022/08/27,2022/08/15,2022,2022 (#13),read,,,,1,0
17245,Dracula,Bram Stoker,"Stoker, Bram","Rubén Toledo, Nina Auerbach, David J. Skal","=""0393970124""","=""9780393970128""",4,4.02,Norton,Paperback,488,1986,1897,2022/08/15,2022/05/07,2022,2022 (#12),read,,,,1,0
42270835,The Nickel Boys,Colson Whitehead,"Whitehead, Colson",,"=""""","=""""",4,4.26,Doubleday,ebook,213,2019,2019,2022/07/26,2022/07/22,2022,2022 (#11),read,,,,1,0
8025340,Mama Tandoori,Ernest van der Kwast,"Kwast, Ernest van der",,"=""9038893205""","=""9789038893204""",3,3.29,Nijgh & Van Ditmar,Paperback,214,2010,2010,2022/07/22,2022/07/17,2022,2022 (#10),read,,,,1,0
39913594,De gouden bril,Giorgio Bassani,"Bassani, Giorgio",,"=""9023499166""","=""9789023499169""",5,3.80,,Paperback,104,2018,1958,2019/06/21,2019/06/21,2019,2019 (#14),read,,,,1,0
58521709,Rusteloos,Casper Luckerhof,"Luckerhof, Casper",,"=""902635486X""","=""9789026354861""",5,3.32,Ambo|Anthos,Paperback,256,2022,,2022/06/24,2022/06/10,2022,2022 (#9),read,,,,1,0
58521698,Rood in Wassenaar,Marjolein Moorman,"Moorman, Marjolein",Marc van Dijk,"=""9026357079""","=""9789026357077""",3,3.91,Ambo|Anthos,Paperback,247,2021,2021,2022/06/18,2022/06/17,2022,2022 (#8),read,,,,1,0
59412935,Miniapolis,Rob van Essen,"Essen, Rob van",,"=""9025472036""","=""9789025472030""",3,3.51,Atlas Contact,Paperback,224,2021,2021,2022/05/24,2022/02/23,2022,2022 (#7),read,,,,1,0
57622891,Willem die Madoc maakte,Nico Dros,"Dros, Nico",,"=""9028223037""","=""9789028223035""",4,3.72,Van Oorschot,Hardcover,592,2021,2021,2022/04/29,2022/02/23,2022,2022 (#6),read,,,,1,0
26154389,Zero K,Don DeLillo,"DeLillo, Don",,"=""1501135392""","=""9781501135392""",2,3.19,Scribner,Hardcover,274,2016,2016,2022/04/02,2022/02/23,2022,2022 (#4),read,,,,1,0
7332,The Silmarillion,J.R.R. Tolkien,"Tolkien, J.R.R.","Christopher Tolkien, Ted Nasmith","=""0618391118""","=""9780618391110""",4,4.03,Houghton Mifflin Company,Hardcover,386,2004,1977,2022/04/24,2022/02/02,2022,2022 (#5),read,,,,1,0
60068235,Uitgewoond,Cody Hochstenbach,"Hochstenbach, Cody",,"=""9493248097""","=""9789493248090""",5,4.35,Das Mag Uitgeverij,Paperback,347,2022,2022,2022/02/23,2022/02/19,2022,2022 (#3),read,,,,1,0
56605724,Een wonderbaarlijk politicus: Hans van Mierlo 1931-2010,Hubert Smeets,"Smeets, Hubert",,"=""9403114215""","=""9789403114217""",3,4.14,De Bezige Bij,Hardcover,584,2021,,2022/02/19,2022/02/08,2022,2022 (#2),read,,,,1,0
31289112,De levens van Jan Six,Geert Mak,"Mak, Geert",,"=""9045027763""","=""9789045027760""",3,3.87,Atlas Contact,Hardcover,448,2016,2016,2022/01/17,2022/01/01,2022,2022 (#1),read,,,,1,0
34934067,'In geouwehoer kun je niet wonen': het leven van Jan Schaefer,Louis Hoeks,"Hoeks, Louis",,"=""9045023997""","=""9789045023991""",4,4.00,Atlas Contact,Paperback,424,2017,2017,2021/12/28,2021/12/26,2021,2021 (#34),read,,,,1,0
23524602,"Schakel (Silo, #2)",Hugh Howey,"Howey, Hugh",Michiel van Sleen,"=""9021456648""","=""9789021456645""",2,4.13,Q,Paperback,416,2014,2013,2021/12/30,2021/12/18,2021,2021 (#33),read,,,,1,0
79793,Finding George Orwell in Burma,Emma Larkin,"Larkin, Emma",,"=""0143037110""","=""9780143037118""",0,3.96,Penguin Publishing Group,Paperback,295,2006,2004,,2021/12/08,to-read,to-read (#28),to-read,,,,0,0
29981,The Island of Dr. Moreau,H.G. Wells,"Wells, H.G.",Alan Lightman,"=""0553214322""","=""9780553214321""",4,3.73,Bantam Classic & Loveswept,Unknown Binding,160,1999,1896,2021/12/08,2021/10/26,2021,2021 (#32),read,,,,1,0
57498289,Strijd en metamorfose van een vrouw,Édouard Louis,"Louis, Édouard","Jan Pieter van der Sterre, Reintje Ghoos","=""9403198508""","=""9789403198507""",4,4.17,De Bezige Bij,Hardcover,106,2021,2021,2021/12/04,2021/11/28,2021,2021 (#31),read,,,,1,0
54250967,Dat hadden we nooit moeten doen,Margriet van Lith,"Lith, Margriet van",Duco Hellema,"=""9044644300""","=""9789044644302""",0,3.79,Prometheus,Paperback,302,2020,,2021/12/04,2021/10/02,2021,2021 (#30),read,,,,1,0
33017756,Max Havelaar met zombies,Martijn Adelmund,"Adelmund, Martijn",,"=""9024574617""","=""9789024574612""",3,3.31,Uitgeverij Luitingh-Sijthoff,Hardcover,320,2016,,2021/11/27,2021/10/27,2021,2021 (#29),read,,,,1,0
29468841,De tolk van Java,Alfred Birney,"Birney, Alfred",,"=""9044536443""","=""9789044536447""",4,3.57,De Geus,Hardcover,544,2016,2016,2021/10/31,2021/08/15,2021,2021 (#28),read,,,,1,0
41456850,Grand Hotel Europa,Ilja Leonard Pfeijffer,"Pfeijffer, Ilja Leonard",,"=""902952622X""","=""9789029526227""",4,4.04,Uitgeverij De Arbeiderspers,Hardcover,547,2018,2018,2020/08/30,2020/07/23,2020,2020 (#19),read,,,,1,0
58692003,Wij zijn de stad. De buitenwijk als kloppend hart,Floor Milikowski,"Milikowski, Floor",,"=""9493256251""","=""9789493256255""",4,3.48,Pluim,Paperback,112,2021,,2021/10/23,2021/10/22,2021,2021 (#27),read,,,,1,0
9597,Player Piano,Kurt Vonnegut Jr.,"Jr., Kurt Vonnegut",,"=""0385333781""","=""9780385333788""",5,3.90,Dial Press,Paperback,341,2006,1952,2015/09/13,2015/09/08,2015,2015 (#12),read,,,,1,0
9592,Mother Night,Kurt Vonnegut Jr.,"Jr., Kurt Vonnegut",,"=""0385334141""","=""9780385334143""",4,4.23,Dial Press,Paperback,282,1999,1961,2021/10/16,2021/10/08,2021,2021 (#26),read,,,,1,0
31574750,The End of Eddy,Édouard Louis,"Louis, Édouard",Michael Lucey,"=""0374266654""","=""9780374266653""",4,3.94,"Farrar, Straus and Giroux",Hardcover,208,2017,2014,2021/10/04,2021/09/26,2021,2021 (#25),read,,,,1,0
13505874,Het raadsel Spinoza,Irvin D. Yalom,"Yalom, Irvin D.",Miebeth van Horn,"=""9460033741""","=""9789460033742""",3,4.26,Balans,Paperback,432,2012,2012,2021/10/02,2021/09/23,2021,2021 (#24),read,,,,1,0
43304361,De tweede,Lynn  Berger,"Berger, Lynn",,"=""9082821699""","=""9789082821697""",3,3.45,De Correspondent Uitgevers,Paperback,208,2019,2019,2021/02/27,2021/02/21,2021,2021 (#7),read,,,,1,0
3470738,Liefde in tijden van cholera,Gabriel García Márquez,"Márquez, Gabriel García",,"=""9029081430""","=""9789029081436""",4,3.94,Meulenhoff,Paperback,511,2010,1985,2021/09/07,2019/02/20,2021,2021 (#23),read,,,,1,0
55762263,"De oorlog tegemoet: Nederlanders en de strijd om Spanje, 1936-1939",Lodewijk Petram,"Petram, Lodewijk",Samuël Kruizinga,"=""9045032554""","=""9789045032559""",4,3.88,Atlas Contact,Paperback,351,2020,2020,2021/08/10,2021/08/09,2021,2021 (#22),read,,,,1,0
636223,Ice,Anna Kavan,"Kavan, Anna",,"=""0720612683""","=""9780720612684""",4,3.65,Peter Owen Publishers,Paperback,158,2016,1967,2021/08/14,2021/08/08,2021,2021 (#21),read,,,,1,0
186074,"The Name of the Wind (The Kingkiller Chronicle, #1)",Patrick Rothfuss,"Rothfuss, Patrick",,"=""075640407X""","=""9780756404079""",0,4.52,Penguin Group DAW,Hardcover,662,2007,2007,,2021/08/14,to-read,to-read (#26),to-read,,,,0,0
824042,The Condition of the Working Class in England,Friedrich Engels,"Engels, Friedrich",Victor Kiernan,"=""0140444866""","=""9780140444865""",4,4.03,Penguin Classics,Paperback,304,1987,1845,2021/07/19,2020/11/15,2021,2021 (#20),read,,,,1,0
2727499,Lijmen / Het Been,Willem Elsschot,"Elsschot, Willem",,"=""9025367674""","=""9789025367671""",4,3.74,Athenaeum-Polak & Van Gennep,Paperback,211,2010,1938,2021/07/16,2020/12/19,2021,2021 (#19),read,,,,1,0
51127375,De gedrevene: Joop den Uyl 1919-1987,Dik Verkuil,"Verkuil, Dik",,"=""9046825647""","=""9789046825648""",3,3.92,Nieuw Amsterdam,Hardcover,440,2019,,2021/06/19,2020/11/01,2021,2021 (#18),read,,,,1,0
46024947,Ooit aten we dieren,Roanne van Voorst,"Voorst, Roanne van",,"=""9057599767""","=""9789057599767""",3,3.75,Uitgeverij Podium,Paperback,256,2019,2019,2021/05/30,2021/05/09,2021,2021 (#17),read,,,,1,0
15706359,Nachtvlucht,Antoine de Saint-Exupéry,"Saint-Exupéry, Antoine de",Hetty Renes,"=""""","=""""",4,3.79,Goossens,Paperback,128,1986,1931,2021/05/28,2021/05/19,2021,2021 (#16),read,,,,1,0
55245497,De saamhorigheidsgroep,Merijn de Boer,"Boer, Merijn de",,"=""9021418207""","=""9789021418209""",3,3.38,Querido,Paperback,395,2020,2020,2021/05/08,2021/05/07,2021,2021 (#15),read,,,,1,0
50361241,Gelijke kansen in de stad,Herman Van De Werfhorst,"Werfhorst, Herman Van De",Erna van Hest,"=""""","=""9789463728829""",4,4.00,Amsterdam University Press,Paperback,240,2019,2019,2021/04/27,2021/03/14,2021,2021 (#14),read,,,,1,0
7052614,Wij slaven van Suriname,Anton de Kom,"Kom, Anton de",,"=""9025433898""","=""9789025433895""",4,4.30,Uitgeverij Contact,Paperback,180,2009,1934,2021/04/23,2021/04/18,2021,2021 (#13),read,,,,1,0
10236595,De held van onze tijd,Mikhail Lermontov,"Lermontov, Mikhail",Hans Boland,"=""9041708456""","=""9789041708458""",5,4.11,Muntinga,Paperback,198,2010,1839,2021/04/18,2021/04/17,2021,2021 (#12),read,,,,1,0
16234584,The Drowned World,J.G. Ballard,"Ballard, J.G.",Martin Amis,"=""0871403625""","=""9780871403629""",3,3.47,Liveright,Paperback,198,2013,1962,2021/04/04,2021/02/24,2021,2021 (#11),read,,,,1,0
333867,The Stars My Destination,Alfred Bester,"Bester, Alfred",,"=""0679767800""","=""9780679767800""",0,4.06,Vintage,Hardcover,258,1996,1956,,2021/04/04,to-read,to-read (#25),to-read,,,,0,0
1059967,Kaas,Willem Elsschot,"Elsschot, Willem",A.P. Grové,"=""0798127864""","=""9780798127868""",4,3.58,Human & Rousseau (Pty) Ltd,Paperback,126,1991,1933,2021/03/27,2021/03/26,2021,2021 (#10),read,,,,1,0
55253543,Revolusi: Indonesië en het ontstaan van de moderne wereld,David Van Reybrouck,"Reybrouck, David Van",,"=""9403183403""","=""9789403183404""",5,4.54,De Bezige Bij,Hardcover,640,2020,2020,2021/03/21,2021/01/31,2021,2021 (#9),read,,,,1,0
56388076,Klifi,Adriaan van Dis,"Dis, Adriaan van",,"=""9025470866""","=""9789025470869""",3,2.96,Atlas Contact,Paperback,208,2021,2021,2021/02/27,2021/02/21,2021,2021 (#8),read,,,,1,0
9686838,De vreemdeling,Albert Camus,"Camus, Albert",,"=""9023462572""","=""9789023462576""",3,4.03,De Bezige Bij,Paperback,127,2010,1942,2021/02/22,2021/02/20,2021,2021 (#6),read,,,,1,0
326280,"Max Havelaar, or the Coffee Auctions of the Dutch Trading Company",Multatuli,"Multatuli, Multatuli","Roy Edwards, R.P. Meijer","=""0140445161""","=""9780140445169""",5,3.53,Penguin Classics,Paperback,352,1995,1860,2021/02/20,2020/12/19,2021,2021 (#5),read,,,,1,0
38344150,De avond is ongemak,Marieke Lucas Rijneveld,"Rijneveld, Lucas","Michele Hutchison, Genevieve Gaunt","=""""","=""""",4,3.45,Atlas Contact,Kindle Edition,260,2018,2018,2021/02/15,2021/01/05,2021,2021 (#4),read,,,,1,0
8225859,Congo: een geschiedenis,David Van Reybrouck,"Reybrouck, David Van",,"=""9023456637""","=""9789023456636""",5,4.39,"Bezige Bij, De",Hardcover,680,2010,2010,2021/02/14,2021/01/23,2021,2021 (#3),read,,,,1,0
28358171,Het smelt,Lize Spit,"Spit, Lize",,"=""""","=""""",4,3.68,Das Mag,Paperback,480,2016,2016,2021/01/24,2021/01/05,2021,2021 (#2),read,,,,1,0
25499718,"Children of Time (Children of Time, #1)",Adrian Tchaikovsky,"Tchaikovsky, Adrian",,"=""1447273281""","=""9781447273288""",0,4.30,PanMacmillan,Hardcover,608,2015,2015,,2021/01/17,to-read,to-read (#24),to-read,,,,0,0
334176,"The Sparrow (The Sparrow, #1)",Mary Doria Russell,"Russell, Mary Doria",,"=""0449912558""","=""9780449912553""",0,4.14,Ballantine Books,Paperback,419,1997,1996,,2021/01/05,to-read,to-read (#23),to-read,,,,0,0
53443339,"Troy (Stephen Fry's Great Mythology, #3)",Stephen Fry,"Fry, Stephen",,"=""0241424585""","=""9780241424582""",5,4.35,Michael Joseph,Hardcover,414,2020,2020,2021/01/03,2020/11/15,2021,2021 (#1),read,,,,1,0
41433634,"Heroes: Mortals and Monsters, Quests and Adventures (Stephen Fry's Great Mythology, #2)",Stephen Fry,"Fry, Stephen",,"=""0241380375""","=""9780241380376""",4,4.31,Michael Joseph,Paperback,415,2018,2018,2020/12/21,2020/12/19,2020,2020 (#29),read,,,,1,0
59924,The Lathe of Heaven,Ursula K. Le Guin,"Guin, Ursula K. Le",,"=""0060512741""","=""9780060512743""",3,4.13,Harper Perennial Modern Classics,Paperback,176,2003,1971,2020/12/20,2020/10/07,2020,2020 (#28),read,,,,1,0
46212930,Formule X,Jurriaan Kamer,"Kamer, Jurriaan",Rini Van Solingen,"=""9047012925""","=""9789047012924""",3,3.87,Uitgeverij Business Contact,Hardcover,224,2019,2019,2019/11/05,2019/11/04,2019,2019 (#20),read,,,,1,0
239399,"The Ghost Brigades (Old Man's War, #2)",John Scalzi,"Scalzi, John",,"=""0765354063""","=""9780765354068""",2,4.12,Tom Doherty Associates,Mass Market Paperback,343,2007,2006,2020/11/21,2020/11/01,2020,2020 (#27),read,,,,1,0
53928060,Fantoomgroei,Sander Heijne,"Heijne, Sander",Hendrik Noten,"=""9047013247""","=""9789047013242""",4,3.86,Atlas Contact,Paperback,256,2020,,2020/10/20,2020/10/01,2020,2020 (#26),read,,,,1,0
20261840,Wibaut de Machtige. Een biografie,Herman de Liagre Böhl,"Böhl, Herman de Liagre",,"=""""","=""""",4,3.88,Prometheus,Unknown Binding,576,2013,2013,2020/11/01,2020/07/22,2020,2020 (#25),read,,,,1,0
17987621,The Entrepreneurial State: Debunking Public vs. Private Sector Myths,Mariana Mazzucato,"Mazzucato, Mariana",Carlota Pérez,"=""0857282514""","=""9780857282514""",0,3.95,Anthem Press,Kindle Edition,266,2013,2011,,2020/10/15,to-read,to-read (#22),to-read,,,,0,0
350,Stranger in a Strange Land,Robert A. Heinlein,"Heinlein, Robert A.",James Warhola,"=""""","=""""",3,3.92,Ace,Paperback,525,1991,1961,2020/09/19,2020/08/05,2020,2020 (#22),read,,,,1,0
466518,Nooit meer slapen,Willem Frederik Hermans,"Hermans, Willem Frederik",,"=""9023401735""","=""9789023401735""",3,3.86,De Bezige Bij,Paperback,251,1974,1966,2020/10/13,2020/10/10,2020,2020 (#24),read,,,,1,0
36430583,Tsjaikovskistraat 40: Een autobiografische vertelling uit Rusland,Pieter Waterdrinker,"Waterdrinker, Pieter",,"=""9038804148""","=""9789038804149""",3,3.57,Nijgh & Van Ditmar,Kindle Edition,344,2017,2017,2020/10/03,2020/09/27,2020,2020 (#23),read,,,,1,0
50611536,Solved: How the World's Great Cities Are Fixing the Climate Crisis,David  Miller,"Miller, David",,"=""1487506821""","=""9781487506827""",0,4.02,Aevo UTP,Hardcover,208,2020,,,2020/10/01,to-read,to-read (#21),to-read,,,,0,0
30555488,The Underground Railroad,Colson Whitehead,"Whitehead, Colson",,"=""0385542364""","=""9780385542364""",4,4.06,Doubleday,Hardcover,320,2016,2016,2020/09/13,2019/09/14,2020,2020 (#21),read,,,,1,0
53549474,Mijn ontelbare identiteiten,Sinan Çankaya,"Çankaya, Sinan",,"=""9403184000""","=""9789403184005""",4,4.19,De Bezige Bij,Paperback,244,2020,2020,2020/09/05,2020/08/18,2020,2020 (#20),read,,,,1,0
41817486,A Clockwork Orange,Anthony Burgess,"Burgess, Anthony",,"=""0393341763""","=""9780393341768""",4,4.00,W. W. Norton & Company,Paperback,240,2019,1962,2020/08/02,2020/07/22,2020,2020 (#17),read,,,,1,0
34527,"Feet of Clay (Discworld, #19; City Watch, #3)",Terry Pratchett,"Pratchett, Terry",,"=""0552153257""","=""9780552153256""",3,4.33,Corgi,Paperback,411,2005,1996,2020/08/19,2020/07/19,2020,2020 (#18),read,,,,1,0
17453021,La Superba,Ilja Leonard Pfeijffer,"Pfeijffer, Ilja Leonard",,"=""902958727X""","=""9789029587273""",4,3.74,De Arbeiderspers,Paperback,348,2013,2013,2020/07/23,2020/07/04,2020,2020 (#16),read,,,,1,0
46227,"Ask the Dust (The Saga of Arturo Bandini, #3)",John Fante,"Fante, John",Charles Bukowski,"=""0060822554""","=""9780060822552""",4,4.10,Pyramid Books,Paperback,165,1960,1939,2020/07/18,2020/06/25,2020,2020 (#15),read,,,,1,0
393199,Down and Out in Paris and London,George Orwell,"Orwell, George",,"=""015626224X""","=""9780156262248""",0,4.09,Mariner Books,Paperback,213,1972,1933,,2020/06/29,to-read,to-read (#20),to-read,,,,0,0
9646,Homage to Catalonia,George Orwell,"Orwell, George",Lionel Trilling,"=""0156421178""","=""9780156421171""",5,4.09,"Harcourt, Inc.(Harvest Book)",Paperback,232,1980,1938,2020/06/29,2017/11/02,2020,2020 (#14),read,,,,1,0
11971633,De woede van Abraham,Conny Braam,"Braam, Conny",,"=""9045702223""","=""9789045702223""",3,3.81,,Paperback,302,,2000,2020/06/28,2019/01/03,2020,2020 (#13),read,,,,1,0
53838525,Een klein land met verre uithoeken. Ongelijke kansen in veranderend Nederland,Floor Milikowski,"Milikowski, Floor",,"=""9045038846""","=""9789045038841""",4,3.42,Atlas Contact,Paperback,296,2020,,2020/06/25,2020/06/08,2020,2020 (#12),read,,,,1,0
7767021,Who Fears Death,Nnedi Okorafor,"Okorafor, Nnedi",,"=""075640617X""","=""9780756406172""",2,3.93,DAW Hardcover,Hardcover,386,2010,2010,2020/06/19,2020/05/02,2020,2020 (#11),read,,,,1,0
12009,The Algebraist,Iain M. Banks,"Banks, Iain M.",,"=""1597800449""","=""9781597800440""",3,4.04,Night Shade Books,Paperback,434,2006,2004,2020/06/08,2019/09/07,2020,2020 (#10),read,,,,1,0
40000218,Quarantaine,Erik Betten,"Betten, Erik",,"=""9024580811""","=""9789024580811""",3,3.46,Luitingh Sijthoff,Kindle Edition,352,2018,,2020/05/30,2020/05/24,2020,2020 (#9),read,,,,1,0
1232,"The Shadow of the Wind (The Cemetery of Forgotten Books, #1)",Carlos Ruiz Zafón,"Zafón, Carlos Ruiz",Lucia Graves,"=""""","=""""",4,4.30,Penguin Books,Paperback,487,2005,2001,2020/05/20,2020/05/03,2020,2020 (#8),read,,,,1,0
95558,Solaris,Stanisław Lem,"Lem, Stanisław","Steve Cox, Joanna Kilmartin","=""""","=""""",4,3.99,Harcourt,Paperback,204,2002,1961,2020/05/02,2017/08/15,"2017, 2020","2017 (#35), 2020 (#7)",read,,,,2,0
41160292,Exhalation,Ted Chiang,"Chiang, Ted",,"=""""","=""""",0,4.27,Knopf,ebook,368,2019,2019,,2020/05/02,to-read,to-read (#19),to-read,,,,0,0
39299556,Otmars zonen,Peter Buwalda,"Buwalda, Peter",,"=""""","=""""",2,3.70,De Bezige Bij,Paperback,607,2018,2018,2020/04/28,2020/04/17,2020,2020 (#6),read,,,,1,0
7069,The World According to Garp,John Irving,"Irving, John",,"=""0345915593""","=""9780345915597""",4,4.11,Ballantine Books,Hardcover,610,1999,1978,2020/04/22,2020/04/17,2020,2020 (#5),read,,,,1,0
15852459,Reizen zonder John: op zoek naar Amerika,Geert Mak,"Mak, Geert",,"=""9045021617""","=""9789045021614""",3,3.89,Atlas Contact,Paperback,575,2012,2012,2020/03/07,2020/03/03,2020,2020 (#4),read,,,,1,0
21265321,Bloodchild,Octavia E. Butler,"Butler, Octavia E.",,"=""""","=""""",0,4.00,Headline,Kindle Edition,31,2014,1984,,2020/03/07,to-read,to-read (#18),to-read,,,,0,0
45995328,De meeste mensen deugen: Een nieuwe geschiedenis van de mens,Rutger Bregman,"Bregman, Rutger",,"=""9082942186""","=""9789082942187""",4,4.32,De Correspondent,Paperback,523,2019,2019,2020/02/22,2019/12/30,2020,2020 (#3),read,,,,1,0
11989,The Plague,Albert Camus,"Camus, Albert",Stuart Gilbert,"=""""","=""""",4,4.02,Vintage International,Paperback,308,1991,1947,2020/02/14,2019/12/27,2020,2020 (#2),read,,,,1,0
24354226,Weerwater,Renate Dorrestein,"Dorrestein, Renate",,"=""""","=""""",3,3.21,Podium,ebook,262,2014,2015,2020/02/10,2018/05/12,2020,2020 (#1),read,,,,1,0
48719405,Politieke Stenogrammen,Willem Schinkel,"Schinkel, Willem",,"=""9403162406""","=""9789403162409""",4,4.00,,Paperback,192,,,2019/12/30,2019/11/23,2019,2019 (#24),read,,,,1,0
29939336,"Empire Games (Empire Games, #1, Merchant Princes Universe, #7)",Charles Stross,"Stross, Charles",,"=""0765337568""","=""9780765337566""",2,4.01,Tor Books,Hardcover,336,2017,2017,2019/12/30,2019/08/05,2019,2019 (#23),read,,,,1,0
3007704,The Gone-Away World,Nick Harkaway,"Harkaway, Nick",,"=""0434018422""","=""9780434018420""",4,4.10,William Heinemann,Hardcover,531,2008,2008,2019/11/23,2019/10/29,2019,2019 (#21),read,,,,1,0
22237471,Bonita Avenue,Peter Buwalda,"Buwalda, Peter",Jonathan Reeder,"=""0553417851""","=""9780553417852""",4,3.75,Hogarth,Hardcover,536,2015,,2019/12/25,2019/11/23,2019,2019 (#22),read,,,,1,0
42422398,Echo,Thomas Olde Heuvelt,"Heuvelt, Thomas Olde",,"=""9024567955""","=""9789024567959""",2,3.46,Luitingh-Sijthoff,Kindle Edition,616,2019,2019,2019/09/15,2019/05/14,2019,2019 (#19),read,,,,1,0
28274864,Ivanov,Hanna Bervoets,"Bervoets, Hanna",,"=""9025446450""","=""9789025446451""",2,3.62,Atlas Contact,Paperback,320,2016,2016,2019/08/05,2019/07/11,2019,2019 (#18),read,,,,1,0
34448182,Rethinking the Economics of Land and Housing,Josh Ryan-Collins,"Ryan-Collins, Josh","Toby Lloyd, Laurie Macfarlane, John Muellbauer","=""1786991195""","=""9781786991195""",0,4.30,Zed Books,Hardcover,280,2017,2017,,2019/08/10,to-read,to-read (#17),to-read,,,,0,0
42111825,De goede zoon,Rob van Essen,"Essen, Rob van",,"=""9025453414""","=""9789025453411""",4,3.35,Uitgeverij Atlas Contact,Paperback,384,2018,2018,2019/07/28,2019/07/13,2019,2019 (#17),read,,,,1,0
34816341,Wees onzichtbaar,Murat Isik,"Isik, Murat",,"=""9041422900""","=""9789041422903""",4,4.25,Ambo|Anthos,Paperback,597,2017,2017,2019/07/18,2019/03/30,2019,2019 (#16),read,,,,1,0
17262203,"MaddAddam (MaddAddam, #3)",Margaret Atwood,"Atwood, Margaret",,"=""0385528787""","=""9780385528788""",2,4.02,Nan A. Talese,Hardcover,394,2013,2013,2019/06/25,2017/11/07,2019,2019 (#15),read,,,,1,0
31815332,Mensen op Mars,Joris van Casteren,"Casteren, Joris van",,"=""9044628720""","=""9789044628722""",3,3.44,Prometheus,Paperback,336,2016,2016,2019/06/19,2019/06/09,2019,2019 (#13),read,,,,1,0
22711627,Building and Dwelling: Ethics for the City,Richard Sennett,"Sennett, Richard",,"=""071399875X""","=""9780713998757""",4,4.03,Allen Lane,Hardcover,368,2018,2018,2019/06/02,2018/03/15,2019,2019 (#12),read,,,,1,0
40409718,Post Office,Charles Bukowski,"Bukowski, Charles",,"=""""","=""""",3,3.93,Ecco,ebook,162,2009,1971,2019/05/22,2019/04/19,2019,2019 (#11),read,,,,1,0
50618,The Book of Illusions,Paul Auster,"Auster, Paul",,"=""0312990960""","=""9780312990961""",3,3.90,Picador USA,Paperback,288,2003,2002,2019/04/15,2019/02/23,2019,2019 (#7),read,,,,1,0
527678,Behind the Door,Giorgio Bassani,"Bassani, Giorgio",,"=""0151116970""","=""9780151116973""",4,3.79,Harcourt Brace,Hardcover,150,1972,1964,2019/05/03,2019/05/03,2019,2019 (#9),read,,,,1,0
33799290,Vooruitgang: tien redenen om naar de toekomst uit te kijken,Johan Norberg,"Norberg, Johan",,"=""9046821757""","=""9789046821756""",4,4.05,Nieuw Amsterdam Uitgevers,Paperback,255,2016,2016,2019/05/10,2018/06/10,2019,2019 (#10),read,,,,1,0
38447,"The Handmaid's Tale (The Handmaid's Tale, #1)",Margaret Atwood,"Atwood, Margaret",,"=""038549081X""","=""9780385490818""",4,4.15,Anchor Books,Paperback,311,1998,1985,,2019/02/20,2019,2019 (#8),read,,,,2,0
355789,The Garden of the Finzi-Continis,Giorgio Bassani,"Bassani, Giorgio","William Weaver, Tim Parks","=""1400044227""","=""9781400044221""",0,3.78,Everyman's Library,Hardcover,246,2005,1962,,2019/03/30,to-read,to-read (#16),to-read,,,,0,0
8935689,"Consider Phlebas (Culture, #1)",Iain M. Banks,"Banks, Iain M.",,"=""1857231384""","=""9781857231380""",4,3.85,Orbit,Paperback,467,1988,1987,2019/03/30,2019/02/21,2019,2019 (#6),read,,,,1,0
14028,Snow Country,Yasunari Kawabata,"Kawabata, Yasunari",Edward G. Seidensticker,"=""0679761047""","=""9780679761044""",0,3.57,Vintage,Paperback,175,1996,1948,,2019/03/28,to-read,to-read (#15),to-read,,,,0,0
23301440,Gratis geld voor iedereen (Dutch Edition),Rutger Bregman,"Bregman, Rutger",,"=""9082256304""","=""""",4,4.22,De Correspondent BV,Kindle Edition,255,2014,2014,2019/03/10,2019/03/08,2019,2019 (#5),read,,,,1,0
4799,"Cannery Row (Cannery Row, #1)",John Steinbeck,"Steinbeck, John",,"=""014200068X""","=""9780142000687""",4,4.06,Penguin Books,Paperback,181,2002,1943,2019/02/20,2018/12/21,2019,2019 (#4),read,,,,1,0
43230171,Why Can't You Afford a Home? (The Future of Capitalism),Josh Ryan-Collins,"Ryan-Collins, Josh",,"=""1509523294""","=""9781509523290""",4,4.17,Polity,Kindle Edition,136,2018,,2019/01/06,2018/12/16,2019,2019 (#3),read,,,,1,0
36236124,Fight Club,Chuck Palahniuk,"Palahniuk, Chuck",,"=""0393355942""","=""9780393355949""",4,4.18,W. W. Norton & Company,Paperback,224,2018,1996,2018/12/31,2018/11/30,2018,2018 (#24),read,,,,1,0
320,One Hundred Years of Solitude,Gabriel García Márquez,"Márquez, Gabriel García",Gregory Rabassa,"=""""","=""""",4,4.12,Harper,Mass Market Paperback,417,2003,1967,2019/02/07,2019/02/03,2019,2019 (#2),read,,,,1,0
5130,Island,Aldous Huxley,"Huxley, Aldous",,"=""0060085495""","=""9780060085490""",4,3.85,Harper Perennial Classics,Paperback,354,2002,1962,2018/12/28,2016/10/12,2018,2018 (#23),read,,,,1,0
890,Of Mice and Men,John Steinbeck,"Steinbeck, John",,"=""0142000671""","=""9780142000670""",5,3.89,Penguin Books,Paperback,107,2002,1937,2018/12/21,2018/05/12,2018,2018 (#22),read,,,,1,0
11012,Dubliners,James Joyce,"Joyce, James","Terence Brown, Jeri Johnson","=""""","=""""",3,3.84,Oxford University Press,Paperback,352,2001,1914,2018/11/22,2017/12/31,2018,2018 (#20),read,,,,1,0
29751398,The Power,Naomi Alderman,"Alderman, Naomi",,"=""0670919985""","=""9780670919987""",2,3.75,Viking,Hardcover,341,2017,2016,2018/09/18,2018/09/12,2018,2018 (#17),read,,,,1,0
10280665,"Couscous op zondag, een familiegeschiedenis",Khadija Arib,"Arib, Khadija",,"=""9050189512""","=""9789050189514""",3,3.71,Uitgeverij Balans,Unknown Binding,246,2009,2009,2018/12/16,2018/12/11,2018,2018 (#21),read,,,,1,0
431,"The New York Trilogy (New York Trilogy, #1-3)",Paul Auster,"Auster, Paul","Lucy Sante, Art Spiegelman","=""0143039830""","=""9780143039839""",4,3.86,Penguin Classics,Paperback,308,2006,1987,2018/11/11,2018/10/02,2018,2018 (#19),read,,,,1,0
18114322,The Grapes of Wrath,John Steinbeck,"Steinbeck, John",,"=""067001690X""","=""9780670016907""",5,4.02,Viking,Hardcover,496,2014,1939,2018/10/01,2018/05/12,2018,2018 (#18),read,,,,1,0
18423,The Left Hand of Darkness,Ursula K. Le Guin,"Guin, Ursula K. Le",,"=""""","=""""",4,4.10,Ace,Paperback,304,2000,1969,2018/09/09,2015/05/25,2018,2018 (#16),read,,,,1,0
9717,The Unbearable Lightness of Being,Milan Kundera,"Kundera, Milan",Michael Henry Heim,"=""0571224385""","=""9780571224388""",2,4.11,Harper Perennial,Paperback,314,2009,1984,2018/01/12,2015/11/18,2018,2018 (#1),read,,,,1,0
35074096,"Mythos: The Greek Myths Retold (Stephen Fry's Great Mythology, #1)",Stephen Fry,"Fry, Stephen",,"=""0718188721""","=""9780718188726""",4,4.26,Michael Joseph,Hardcover,416,2017,2017,2018/09/02,2018/03/26,2018,2018 (#15),read,,,,1,0
25852784,Evicted: Poverty and Profit in the American City,Matthew Desmond,"Desmond, Matthew",,"=""0553447432""","=""9780553447439""",5,4.47,Crown Publishers,Hardcover,418,2016,2016,2018/08/13,2018/07/29,2018,2018 (#14),read,,,,1,0
9995869,"Together: The Rituals, Pleasures and Politics of Cooperation",Richard Sennett,"Sennett, Richard",,"=""0300116330""","=""9780300116335""",4,3.80,Yale University Press,Hardcover,336,2012,2011,2018/08/11,2017/08/01,2018,2018 (#13),read,,,,1,0
6080337,"The Year of the Flood (MaddAddam, #2)",Margaret Atwood,"Atwood, Margaret",,"=""0385528779""","=""9780385528771""",3,4.07,Doubleday Nan A. Talese,Hardcover,431,2009,2009,2018/07/29,2017/11/07,2018,2018 (#12),read,,,,1,0
25734110,In Defense of Housing: The Politics of Crisis,Peter Marcuse,"Marcuse, Peter",David Madden,"=""1784783544""","=""9781784783549""",0,4.04,Verso,Paperback,240,2016,2016,,2018/07/22,to-read,to-read (#14),to-read,,,,0,0
135479,Cat's Cradle,Kurt Vonnegut Jr.,"Jr., Kurt Vonnegut",,"=""""","=""""",4,4.15,Penguin,Paperback,306,1999,1963,2018/06/19,2017/02/16,2018,2018 (#11),read,,,,1,0
4406,East of Eden,John Steinbeck,"Steinbeck, John",,"=""0142000655""","=""9780142000656""",5,4.43,Penguin Books,Paperback,601,2002,1952,2018/05/15,2017/06/01,2018,2018 (#9),read,,,,1,0
29237211,"Saga, Volume 7",Brian K. Vaughan,"Vaughan, Brian K.",Fiona Staples,"=""1534300600""","=""9781534300606""",3,4.48,Image Comics,Paperback,152,2017,2017,,2018/05/09,comics,comics (#28),read,,,,1,0
24800,House of Leaves,Mark Z. Danielewski,"Danielewski, Mark Z.",,"=""""","=""""",3,4.09,Random House,Paperback,710,2000,2000,2018/05/09,2017/07/13,2018,2018 (#8),read,,,,1,0
33399607,De betonnen droom,Daan Dekker,"Dekker, Daan",,"=""""","=""9789400404731""",3,3.55,Thomas Rap,Paperback,336,2016,2016,2018/05/04,2018/04/03,2018,2018 (#7),read,,,,1,0
479100,Cities of Tomorrow: An Intellectual History of Urban Planning and Design in the Twentieth Century,Peter Geoffrey Hall,"Hall, Peter Geoffrey",,"=""0631232524""","=""9780631232520""",0,3.84,Wiley-Blackwell,Paperback,576,2002,1988,,2018/05/04,to-read,to-read (#13),to-read,,,,0,0
36368516,Klont,Maxim Februari,"Februari, Maxim",,"=""9044634143""","=""9789044634143""",4,3.03,Prometheus,Hardcover,270,2017,2017,2018/03/26,2017/12/05,2018,2018 (#6),read,,,,1,0
12067,"Good Omens: The Nice and Accurate Prophecies of Agnes Nutter, Witch",Terry Pratchett,"Pratchett, Terry",Neil Gaiman,"=""""","=""""",4,4.25,William Morrow Paperbacks,Mass Market Paperback,491,2006,1990,2018/03/15,2017/04/04,2018,2018 (#5),read,,,,1,0
38895876,Van wie is de stad. De strijd om Amsterdam,Floor Milikowski,"Milikowski, Floor",,"=""9045022184""","=""9789045022185""",4,3.64,Atlas Contact,Paperback,286,2018,2018,2018/02/25,2018/03/03,2018,2018 (#4),read,,,,1,0
18736926,Expulsions: Brutality and Complexity in the Global Economy,Saskia Sassen,"Sassen, Saskia",,"=""0674599225""","=""9780674599222""",0,3.97,Belknap Press: An Imprint of Harvard University Press,Hardcover,304,2014,2014,,2018/02/24,to-read,to-read (#12),to-read,,,,0,0
60932,"Parable of the Talents (Earthseed, #2)",Octavia E. Butler,"Butler, Octavia E.",,"=""0446610380""","=""9780446610384""",0,4.32,Aspect,Mass Market Paperback,448,2001,1998,,2018/02/18,to-read,to-read (#11),to-read,,,,0,0
52397,"Parable of the Sower (Earthseed, #1)",Octavia E. Butler,"Butler, Octavia E.",,"=""0446675504""","=""9780446675505""",4,4.20,Grand Central Publishing,Paperback,345,2000,1993,2018/02/18,2017/01/31,2018,2018 (#3),read,,,,1,0
25986774,Central Station,Lavie Tidhar,"Tidhar, Lavie",,"=""1616962143""","=""9781616962142""",1,3.51,Tachyon Publications,Paperback,275,2016,2016,2018/01/20,2017/12/05,2018,2018 (#2),read,,,,1,0
25533076,Hex (Robert Grim #1),Thomas Olde Heuvelt,"Heuvelt, Thomas Olde",Nancy Forest-Flier,"=""0765378809""","=""9780765378804""",4,3.72,Tor,Hardcover,384,2016,2013,2017/12/31,2017/12/06,2017,2017 (#48),read,,,,1,0
71552,The Real Life of Sebastian Knight,Vladimir Nabokov,"Nabokov, Vladimir",,"=""0141185996""","=""9780141185996""",0,3.94,Penguin Books Ltd,Paperback,181,2007,1941,,2017/12/27,to-read,to-read (#10),to-read,,,,0,0
7805,Pale Fire,Vladimir Nabokov,"Nabokov, Vladimir",,"=""""","=""""",5,4.17,Penguin Books Ltd,Paperback,246,2000,1962,2017/12/27,2017/12/03,2017,2017 (#47),read,,,,1,0
13330588,Happy City: Transforming Our Lives Through Urban Design,Charles Montgomery,"Montgomery, Charles",,"=""0385669127""","=""9780385669122""",4,4.36,Doubleday Canada,Hardcover,368,2013,2012,2017/12/16,2017/10/30,2017,2017 (#45),read,,,,2,0
36694127,Verzet! Pleidooi voor communisme,Gustaaf Peek,"Peek, Gustaaf",,"=""902140818X""","=""9789021408187""",4,2.96,Querido,Paperback,67,2017,,2017/12/16,2017/12/14,2017,2017 (#46),read,,,,1,0
37781,"Things Fall Apart (The African Trilogy, #1)",Chinua Achebe,"Achebe, Chinua",,"=""""","=""""",4,3.74,Anchor Books,Paperback,215,1994,1958,2017/11/21,2017/11/01,2017,2017 (#43),read,,,,1,0
111085,"No Longer at Ease (The African Trilogy, #2)",Chinua Achebe,"Achebe, Chinua",,"=""""","=""""",0,3.87,Anchor,Paperback,196,1994,1960,,2017/12/05,to-read,to-read (#9),to-read,,,,0,0
30050883,Een toekomst voor Europa,Jürgen Habermas,"Habermas, Jürgen",,"=""946105985X""","=""9789461059857""",3,2.71,Boom,Hardcover,112,2013,,2017/11/28,2017/11/19,2017,2017 (#44),read,,,,1,0
14817,A Scanner Darkly,Philip K. Dick,"Dick, Philip K.",,"=""057507681X""","=""9780575076815""",4,4.03,Gollancz,Paperback,324,2006,1977,2017/11/19,2017/11/10,2017,2017 (#42),read,,,,1,0
2493,The Time Machine,H.G. Wells,"Wells, H.G.","Greg Bear, Carlo Pagetti","=""""","=""""",3,3.89,Signet Classics,Paperback,118,2002,1895,2017/11/10,2017/02/16,2017,2017 (#41),read,,,,1,0
46756,"Oryx and Crake (MaddAddam, #1)",Margaret Atwood,"Atwood, Margaret",,"=""""","=""""",4,4.00,Anchor Books,Paperback,389,2004,2003,2017/11/07,2017/05/02,2017,2017 (#40),read,,,,1,0
1086389,Joe Speedboot,Tommy Wieringa,"Wieringa, Tommy",,"=""9023414330""","=""9789023414339""",4,3.68,De Bezige Bij,Paperback,316,2005,2005,2017/11/02,2017/07/30,2017,2017 (#39),read,,,,1,0
12331767,High-Rise,J.G. Ballard,"Ballard, J.G.",,"=""0871404028""","=""9780871404022""",4,3.60,Liveright,Paperback,208,2012,1975,2017/10/07,2017/09/10,2017,2017 (#36),read,,,,1,0
227463,A Clockwork Orange,Anthony Burgess,"Burgess, Anthony",,"=""""","=""""",5,4.00,W. W. Norton & Company,Paperback,192,1986,1962,2017/10/26,2017/10/22,2017,2017 (#38),read,,,,1,0
18867493,Saga #1,Brian K. Vaughan,"Vaughan, Brian K.","Fiona Staples, Fonografiks","=""1106927028""","=""9781106927026""",4,4.20,Image Comics,Kindle Edition,66,2012,2012,,2015/02/25,comics,comics (#1),read,,,,1,0
11289,"The Rise of Endymion (Hyperion Cantos, #4)",Dan Simmons,"Simmons, Dan",,"=""0553572989""","=""9780553572988""",0,4.17,Spectra,Mass Market Paperback,709,1998,1997,,2017/09/24,to-read,to-read (#8),to-read,,,,0,0
3977,"Endymion (Hyperion Cantos, #3)",Dan Simmons,"Simmons, Dan",Gary Ruddell,"=""0553572946""","=""9780553572940""",3,4.19,Bantam Spectra,Mass Market Paperback,563,1996,1996,2017/09/24,2017/07/30,2017,2017 (#34),read,,,,1,0
32758901,"All Systems Red (The Murderbot Diaries, #1)",Martha Wells,"Wells, Martha",,"=""""","=""""",3,4.13,Tor.com,ebook,144,2017,2017,2017/09/14,2017/09/06,2017,2017 (#33),read,,,,1,0
7562764,"The Quantum Thief (Jean le Flambeur, #1)",Hannu Rajaniemi,"Rajaniemi, Hannu",,"=""0575088877""","=""9780575088870""",0,3.83,Gollancz,Hardcover,336,2010,2010,,2017/09/06,to-read,to-read (#7),to-read,,,,0,0
7624,Lord of the Flies,William Golding,"Golding, William",,"=""0140283331""","=""9780140283334""",5,3.70,Penguin Books ,Paperback,182,1999,1954,2017/08/25,2016/02/07,2017,2017 (#32),read,,,,1,0
7745,Fear and Loathing in Las Vegas: A Savage Journey to the Heart of the American Dream,Hunter S. Thompson,"Thompson, Hunter S.",Ralph Steadman,"=""0679785892""","=""9780679785897""",4,4.07,Vintage Books,Paperback,204,1998,1971,2017/08/21,2017/07/11,2017,2017 (#31),read,,,,1,0
322854,Urban Outcasts: A Comparative Sociology of Advanced Marginality,Loïc Wacquant,"Wacquant, Loïc",John Howe,"=""074563124X""","=""9780745631240""",0,3.88,Polity,Hardcover,360,2007,2001,,2017/08/15,to-read,to-read (#6),to-read,,,,0,0
8861735,Arrival City: The Final Migration and Our Next World,Doug Saunders,"Saunders, Doug",,"=""0307396894""","=""9780307396891""",5,4.09,Knopf Canada,Hardcover,368,2010,2010,2017/08/15,2017/06/20,2017,2017 (#30),read,,,,1,0
23208397,Underground Airlines,Ben H. Winters,"Winters, Ben H.",,"=""0316261246""","=""9780316261241""",2,3.82,Mulholland Books,Hardcover,336,2016,2016,2017/07/30,2017/06/05,2017,2017 (#29),read,,,,1,0
4671,The Great Gatsby,F. Scott Fitzgerald,"Fitzgerald, F. Scott",,"=""0743273567""","=""9780743273565""",4,3.93,Scribner,Paperback,180,1925,1925,2017/07/24,2017/07/21,2017,2017 (#28),read,,,,1,0
547094,I Am Legend and Other Stories,Richard Matheson,"Matheson, Richard",,"=""031286504X""","=""9780312865047""",4,4.00,Orb Books,Paperback,317,1997,1954,2017/07/21,2017/06/28,2017,2017 (#27),read,,,,1,0
11275,The Wind-Up Bird Chronicle,Haruki Murakami,"Murakami, Haruki",Jay Rubin,"=""0965341984""","=""9780965341981""",4,4.14,Knopf,Paperback,607,1997,1994,2017/07/17,2017/05/28,2017,2017 (#26),read,,,,1,0
30593,Pnin,Vladimir Nabokov,"Nabokov, Vladimir",David Lodge,"=""1400041988""","=""9781400041985""",4,3.88,Everyman's Library,Hardcover,184,2004,1957,2017/07/09,2017/06/01,2017,2017 (#25),read,,,,1,0
27218015,The Dispossessed,Ursula K. Le Guin,"Guin, Ursula K. Le",,"=""""","=""""",4,4.25,,Kindle Edition,387,,1974,2017/07/02,2017/04/04,2017,2017 (#24),read,,,,1,0
26240789,"The New Urban Crisis: How Our Cities Are Increasing Inequality, Deepening Segregation, and Failing the Middle Class—and What We Can Do About It",Richard Florida,"Florida, Richard",,"=""0465079741""","=""9780465079742""",4,3.50,Basic Books,Hardcover,336,2017,2017,2017/06/20,2017/05/22,2017,2017 (#23),read,,,,1,0
16316307,Onder de Mensen?: Over Het Zelfstandig Wonen Van Psychiatrische Patinten En Mensen Met Een Verstandelijke Beperking,Loes Verplanke,"Verplanke, Loes",Jan Willem Duyvendak,"=""6612634197""","=""9786612634192""",4,4.00,Amsterdam University Press,Kindle Edition,150,2010,2010,2017/06/19,2017/06/05,2017,2017 (#22),read,,,,1,0
7613,Animal Farm,George Orwell,"Orwell, George","Ann Patchett, Téa Obreht","=""""","=""""",5,4.01,Plume,Paperback,129,2003,1945,2017/06/12,2017/06/11,2017,2017 (#21),read,,,,1,0
12857,The Gambler,Fyodor Dostoevsky,"Dostoevsky, Fyodor",Constance Garnett,"=""""","=""""",4,3.91,Modern Library,Paperback,188,2003,1866,2017/06/05,2017/02/15,2017,2017 (#20),read,,,,1,0
23999630,"A Canticle for Leibowitz (St. Leibowitz, #1)",Walter M. Miller Jr.,"Jr., Walter M. Miller",,"=""1473211115""","=""""",4,3.99,Gateway,Kindle Edition,354,2014,1959,2017/05/28,2015/05/25,2017,2017 (#19),read,,,,1,0
9659232,Catch-22,Joseph Heller,"Heller, Joseph",Christopher Buckley,"=""""","=""""",4,3.99,Simon & Schuster,ebook,463,2010,1961,2017/05/22,2017/04/18,2017,2017 (#18),read,,,,1,0
3359419,Het pauperparadijs,Suzanna Jansen,"Jansen, Suzanna",,"=""9050188214""","=""9789050188210""",4,3.77,Balans,Paperback,255,2008,2008,2017/05/18,2017/05/07,2017,2017 (#17),read,,,,1,0
117833,The Master and Margarita,Mikhail Bulgakov,"Bulgakov, Mikhail","Diana Lewis Burgin, Katherine Tiernan O'Connor, Ellendea Proffer, Hans Fronius, Михаил Афанасьевич Булгаков","=""0679760806""","=""9780679760801""",5,4.28,Vintage International,Paperback,372,1996,1967,2017/04/14,2016/11/19,2017,2017 (#15),read,,,,1,0
28862528,"Saga, Volume 6",Brian K. Vaughan,"Vaughan, Brian K.",Fiona Staples,"=""163215711X""","=""9781632157119""",4,4.46,Image Comics,Paperback,152,2016,2016,,2016/09/27,comics,comics (#27),read,,,,1,0
25546167,"Descender, Vol. 1: Tin Stars",Jeff Lemire,"Lemire, Jeff","Dustin Nguyen, Steve Wands","=""1632154269""","=""9781632154262""",5,4.08,Image Comics,Paperback,160,2015,2015,,2016/09/27,comics,comics (#26),read,,,,1,0
229733,The White Guard,Mikhail Bulgakov,"Bulgakov, Mikhail",,"=""0099490668""","=""9780099490661""",0,4.00,Vintage Books,Paperback,304,2006,1924,,2017/04/29,to-read,to-read (#4),to-read,,,,0,0
6334,Never Let Me Go,Kazuo Ishiguro,"Ishiguro, Kazuo",,"=""1400078776""","=""9781400078776""",2,3.85,Vintage Books ,Paperback,288,2010,2005,2017/04/20,2017/03/21,2017,2017 (#14),read,,,,1,0
216363,The Man in the High Castle,Philip K. Dick,"Dick, Philip K.",,"=""0679740678""","=""9780679740674""",3,3.59,Vintage,Paperback,259,1992,1962,2017/04/11,2017/04/07,2017,2017 (#13),read,,,,1,0
11297,Norwegian Wood,Haruki Murakami,"Murakami, Haruki",Jay Rubin,"=""0375704027""","=""9780375704024""",4,4.00,Vintage Books,Paperback,296,2000,1987,2017/04/02,2017/03/25,2017,2017 (#12),read,,,,1,0
4930775,De goede stad,Geert Mak,"Mak, Geert",,"=""9045000253""","=""9789045000251""",4,3.12,Atlas,Paperback,255,2007,2001,2017/03/24,2017/03/20,2017,2017 (#11),read,,,,1,0
102327,Armor,John Steakley,"Steakley, John",,"=""0886773687""","=""9780886773687""",3,4.10,DAW,Mass Market Paperback,426,1984,1984,2017/03/20,2016/09/14,2017,2017 (#10),read,,,,1,0
30652247,"How to Kill a City: Gentrification, Inequality, and the Fight for the Neighborhood",Peter Moskowitz,"Moskowitz, Peter",P.E. Moskowitz,"=""1568585233""","=""9781568585239""",0,4.09,Bold Type Books,Hardcover,272,2017,2017,,2017/03/13,to-read,to-read (#3),to-read,,,,0,0
472331,Watchmen,Alan Moore,"Moore, Alan","Dave Gibbons, John    Higgins","=""0930289234""","=""9780930289232""",5,4.39,DC Comics,Paperback,416,2005,1987,2017/03/13,2017/03/12,"2017, comics","2017 (#9), comics (#25)",read,,,,1,0
13095855,Rebel Cities: From the Right to the City to the Urban Revolution,David Harvey,"Harvey, David",,"=""1844678822""","=""9781844678822""",4,3.92,Verso,Hardcover,206,2012,2012,2017/03/05,2017/02/16,2017,2017 (#8),read,,,,1,0
112537,"Rendezvous with Rama (Rama, #1)",Arthur C. Clarke,"Clarke, Arthur C.",,"=""1857231589""","=""9781857231588""",3,4.12,,Paperback,243,2000,1973,2017/02/26,2015/05/25,2017,2017 (#7),read,,,,1,0
20518817,"Normal (Normal, #1-4)",Warren Ellis,"Ellis, Warren",,"=""0374534977""","=""9780374534974""",3,3.64,FSG Originals,Paperback,148,2016,2016,2017/02/20,2017/02/15,2017,2017 (#6),read,,,,1,0
23128322,Blade Runner (Do Androids Dream of Electric Sheep?),Philip K. Dick,"Dick, Philip K.",Scott Brick,"=""0553545272""","=""9780553545272""",5,4.09,Random House Audio,Audio CD,0,2014,1968,,2015/01/09,2015,2015 (#10),read,,,,1,0
7144,Crime and Punishment,Fyodor Dostoevsky,"Dostoevsky, Fyodor","David McDuff, Joseph Frank","=""""","=""""",0,4.28,Penguin,Paperback,671,2002,1866,,2017/02/15,to-read,to-read (#2),to-read,,,,0,0
4934,The Brothers Karamazov,Fyodor Dostoevsky,"Dostoevsky, Fyodor","Richard Pevear, Larissa Volokhonsky","=""0374528373""","=""9780374528379""",4,4.38,"Farrar, Straus and Giroux",Paperback,796,2002,1880,2017/02/15,2016/11/19,2017,2017 (#5),read,,,,1,0
89186,Pushing Ice,Alastair Reynolds,"Reynolds, Alastair",,"=""0441014011""","=""9780441014019""",3,4.07,Ace Hardcover,Hardcover,458,2006,2005,2017/02/06,2016/02/16,2017,2017 (#4),read,,,,1,0
32335414,En ik herinner me Titus Broederland,Auke Hulst,"Hulst, Auke",,"=""9026333471""","=""9789026333477""",3,3.70,Ambo|Anthos,Paperback,272,2016,2016,2017/01/19,2017/01/03,2017,2017 (#3),read,,,,1,0
6597651,The Windup Girl,Paolo Bacigalupi,"Bacigalupi, Paolo",,"=""1597801577""","=""9781597801577""",3,3.75,Night Shade Books,Hardcover,359,2009,2009,2016/12/30,2016/09/22,2016,2016 (#44),read,,,,1,0
60931,Kindred,Octavia E. Butler,"Butler, Octavia E.",,"=""0807083690""","=""9780807083697""",5,4.31,Beacon Press,Paperback,288,2004,1979,2017/01/10,2017/01/02,2017,2017 (#2),read,,,,1,0
5973538,Lelystad,Joris van Casteren,"Casteren, Joris van",,"=""9044612174""","=""9789044612172""",4,3.82,Prometheus,Paperback,333,2008,2008,2017/01/02,2016/12/30,2017,2017 (#1),read,,,,1,0
333538,The Castle,Franz Kafka,"Kafka, Franz",Mark Harman,"=""0805211063""","=""9780805211061""",4,3.92,Schocken,Paperback,328,1998,1926,2016/12/11,2016/10/12,2016,2016 (#43),read,,,,1,0
17863,Accelerando,Charles Stross,"Stross, Charles",,"=""0441014151""","=""9780441014156""",3,3.87,Ace,Mass Market Paperback,415,2006,2005,2016/11/27,2015/06/22,2016,2016 (#42),read,,,,1,0
113205,Heart of a Dog,Mikhail Bulgakov,"Bulgakov, Mikhail","Mirra Ginsburg, Михаил Афанасьевич Булгаков, Michail Bulgakov","=""0802150594""","=""9780802150592""",4,4.09,Grove Press,Paperback,123,1994,1925,2016/11/19,2016/10/15,2016,2016 (#41),read,,,,1,0
12013,Excession (Culture #5),Iain M. Banks,"Banks, Iain M.",,"=""0553575376""","=""9780553575378""",4,4.20,Spectra Books,Mass Market Paperback,500,1998,1996,2016/11/18,2016/02/16,2016,2016 (#40),read,,,,1,0
32829,Journey to the Center of the Earth,Jules Verne,"Verne, Jules","Lowell Bair, Kim Stanley Robinson","=""0553213970""","=""9780553213973""",3,3.85,Bantam,Mass Market Paperback,240,1991,1864,2016/11/10,2016/11/04,2016,2016 (#39),read,,,,1,0
17690,The Trial,Franz Kafka,"Kafka, Franz","Max Brod, Willa Muir, Edwin Muir","=""""","=""""",4,3.94,Vintage,Paperback,255,2001,1925,2016/11/07,2016/11/04,2016,2016 (#38),read,,,,1,0
7942042,Metro 2033 (Metro #1),Dmitry Glukhovsky,"Glukhovsky, Dmitry",Natasha Randall,"=""0575086254""","=""9780575086258""",3,4.03,Gollancz,Paperback,458,2011,2002,2016/11/04,2016/10/19,2016,2016 (#37),read,,,,1,0
7604,Lolita,Vladimir Nabokov,"Nabokov, Vladimir",Craig Raine,"=""""","=""""",5,3.87,Penguin,Paperback,368,1995,1955,2016/10/23,2016/01/17,2016,2016 (#36),read,,,,1,0
12007,"Use of Weapons (Culture, #3)",Iain M. Banks,"Banks, Iain M.",,"=""185723135X""","=""9781857231359""",4,4.16,Orbit Books,Paperback,411,1992,1990,2016/10/11,2016/10/02,2016,2016 (#35),read,,,,1,0
14185,The Three Stigmata of Palmer Eldritch,Philip K. Dick,"Dick, Philip K.",,"=""1407247425""","=""9781407247427""",4,4.01,Gollancz,Paperback,231,2010,1965,2016/10/02,2016/06/29,2016,2016 (#34),read,,,,1,0
17929637,"East of West, Vol. 1: The Promise",Jonathan Hickman,"Hickman, Jonathan","Nick Dragotta, Rus Wooton, Frank Martin Jr.","=""1607067706""","=""9781607067702""",2,3.91,Image Comics,Paperback,152,2013,2013,,2016/09/27,comics,comics (#24),read,,,,1,0
32065938,Een eenzame bruggenbouwer,Casper Luckerhof,"Luckerhof, Casper",,"=""9025301118""","=""9789025301118""",4,3.59,Athenaeum Polak & van Gennep,Paperback,245,2016,2016,2016/09/22,2016/09/19,2016,2016 (#33),read,,,,1,0
14739231,Gun Machine,Warren Ellis,"Ellis, Warren",,"=""0316187404""","=""9780316187404""",3,3.82,Mulholland Books,Hardcover,308,2013,2012,2016/09/18,2016/06/29,2016,2016 (#32),read,,,,1,0
18753656,Lagoon,Nnedi Okorafor,"Okorafor, Nnedi",,"=""1444762753""","=""9781444762754""",2,3.63,Hodder & Stoughton,Paperback,306,2014,2014,2016/09/13,2016/06/29,2016,2016 (#31),read,,,,1,0
60934,"Imago (Xenogenesis, #3)",Octavia E. Butler,"Butler, Octavia E.",,"=""0446603635""","=""9780446603638""",5,4.20,Aspect,Paperback,220,1997,1989,2016/09/03,2016/08/26,2016,2016 (#30),read,,,,1,0
18077769,"Authority (Southern Reach, #2)",Jeff VanderMeer,"VanderMeer, Jeff",,"=""0374104107""","=""9780374104108""",2,3.55,"Farrar, Straus and Giroux",Paperback,341,2014,2014,2016/08/26,2016/08/19,2016,2016 (#29),read,,,,1,0
865,The Alchemist,Paulo Coelho,"Coelho, Paulo",Alan R. Clarke,"=""0061122416""","=""9780061122415""",3,3.92,HarperCollins,Paperback,197,1993,1988,2016/08/19,2016/08/15,2016,2016 (#28),read,,,,1,0
8855321,"Leviathan Wakes (The Expanse, #1)",James S.A. Corey,"Corey, James S.A.",,"=""1841499889""","=""9781841499888""",3,4.31,Orbit,Paperback,592,2011,2011,2016/08/15,2015/06/04,2016,2016 (#27),read,,,,1,0
116249,"Adulthood Rites (Xenogenesis, #2)",Octavia E. Butler,"Butler, Octavia E.",,"=""0446603783""","=""9780446603782""",4,4.19,Warner Aspect Books,Paperback,277,1997,1988,2016/08/02,2016/07/29,2016,2016 (#26),read,,,,1,0
76778,The Martian Chronicles,Ray Bradbury,"Bradbury, Ray",Michael Whelan,"=""0553278223""","=""9780553278224""",3,4.16,Bantam/Spectra,Mass Market Paperback,182,1984,1950,2016/07/29,2016/07/19,2016,2016 (#25),read,,,,1,0
20697435,The Book of Strange New Things,Michel Faber,"Faber, Michel",,"=""055341884X""","=""9780553418842""",4,3.66,Hogarth,Hardcover,500,2014,2014,2016/07/23,2015/11/28,2016,2016 (#24),read,,,,1,0
15736709,"The Manhattan Projects, Vol. 1: Science. Bad.",Jonathan Hickman,"Hickman, Jonathan","Nick Pitarra, Jordie Bellaire, Rus Wooton","=""1607066084""","=""9781607066088""",4,3.87,Image Comics,Paperback,144,2012,2012,,2016/07/19,comics,comics (#22),read,,,,1,0
156530,"Y: The Last Man, Vol. 3: One Small Step",Brian K. Vaughan,"Vaughan, Brian K.","Pia Guerra, José Marzán Jr.","=""1401202012""","=""9781401202019""",4,4.20,Vertigo,Paperback,168,2004,2004,,2016/07/19,comics,comics (#21),read,,,,1,0
5129,Brave New World,Aldous Huxley,"Huxley, Aldous",,"=""0060929871""","=""9780060929879""",4,3.99,HarperPerennial / Perennial Classics,Paperback,268,1998,1932,2016/07/08,2016/07/01,2016,2016 (#23),read,,,,1,0
77711,"A Fire Upon the Deep (Zones of Thought, #1)",Vernor Vinge,"Vinge, Vernor",,"=""0812515285""","=""9780812515282""",3,4.14,Tor Science Fiction,Mass Market Paperback,613,1993,1992,2016/07/01,2015/05/25,2016,2016 (#22),read,,,,1,0
16718,"Gun, With Occasional Music",Jonathan Lethem,"Lethem, Jonathan",,"=""0156028972""","=""9780156028974""",3,3.76,Ecco,Paperback,271,2003,1994,2016/06/15,2015/09/06,2016,2016 (#21),read,,,,1,0
17876037,De wereld aan je voeten,Marijke de Vries,"Vries, Marijke de",Birte Schohaus,"=""9035138538""","=""9789035138537""",3,3.40,Uitgeverij Bert Bakker,Paperback,192,2013,2013,2016/06/04,2016/06/03,2016,2016 (#19),read,,,,1,0
30165203,American Gods,Neil Gaiman,"Gaiman, Neil",,"=""""","=""""",4,4.10,William Morrow,Kindle Edition,635,2011,2001,2016/05/29,2016/05/19,2016,2016 (#18),read,,,,1,0
18490,Frankenstein,Mary Wollstonecraft Shelley,"Shelley, Mary Wollstonecraft",,"=""""","=""""",4,3.89,Penguin,Paperback,288,2003,1818,2016/05/19,2016/05/16,2016,2016 (#17),read,,,,1,0
414999,Childhood's End,Arthur C. Clarke,"Clarke, Arthur C.",,"=""""","=""""",4,4.12,Del Rey Books,Mass Market Paperback,224,1987,1953,2016/05/16,2016/05/11,2016,2016 (#16),read,,,,1,0
40445,"Altered Carbon (Takeshi Kovacs, #1)",Richard K. Morgan,"Morgan, Richard K.",,"=""0345457692""","=""9780345457691""",3,4.04,Del Rey / Ballantine Books,Mass Market Paperback,526,2006,2002,2016/05/10,2016/03/02,2016,2016 (#15),read,,,,1,0
60929,"Dawn (Xenogenesis, #1)",Octavia E. Butler,"Butler, Octavia E.",,"=""0446603775""","=""9780446603775""",4,4.15,Warner Books,Paperback,248,1997,1987,2016/05/06,2016/03/29,2016,2016 (#14),read,,,,1,0
8908,World War Z: An Oral History of the Zombie War,Max Brooks,"Brooks, Max",,"=""0307346609""","=""9780307346605""",4,4.02,Crown,Hardcover,342,2006,2006,2016/04/23,2016/04/16,2016,2016 (#13),read,,,,1,0
17333324,"Ancillary Justice (Imperial Radch, #1)",Ann Leckie,"Leckie, Ann",,"=""""","=""""",4,3.99,Orbit,Paperback,386,2013,2013,2016/04/16,2016/04/05,2016,2016 (#12),read,,,,1,0
7724,The Metamorphosis and Other Stories,Franz Kafka,"Kafka, Franz",Stanley Appelbaum,"=""0486290301""","=""9780486290300""",4,3.85,Dover Publications,Paperback,88,1996,,2016/04/05,2016/03/30,2016,2016 (#11),read,,,,1,0
207585,Doctor Strange: The Oath,Brian K. Vaughan,"Vaughan, Brian K.",Marcos Martín,"=""0785122117""","=""9780785122111""",3,3.97,Marvel Comics,Paperback,120,2007,2007,,2015/09/13,comics,comics (#16),read,,,,1,0
96358,Batman: The Killing Joke,Alan Moore,"Moore, Alan","Brian Bolland, Tim Sale","=""0930289455""","=""9780930289454""",3,4.36,DC Comics,Paperback,50,1995,1988,,2016/03/31,comics,comics (#20),read,,,,1,0
6375845,Batman: Hush,Jeph Loeb,"Loeb, Jeph","Jim Lee, Scott  Williams","=""1401223176""","=""9781401223175""",4,4.27,DC Comics,Paperback,320,2009,2002,,2016/03/31,comics,comics (#19),read,,,,1,0
13223349,"Batman, Volume 1: The Court of Owls",Scott Snyder,"Snyder, Scott",Greg Capullo,"=""1401235417""","=""9781401235413""",5,4.34,DC Comics,Hardcover,176,2012,2012,,2016/03/31,comics,comics (#18),read,,,,1,0
25451555,"Saga, Volume 5",Brian K. Vaughan,"Vaughan, Brian K.",Fiona Staples,"=""1632154382""","=""9781632154385""",4,4.40,Image Comics,Paperback,152,2015,2015,,2016/03/31,comics,comics (#17),read,,,,1,0
20518872,"The Three-Body Problem (Remembrance of Earth's Past, #1)",Liu Cixin,"Cixin, Liu",Ken Liu,"=""""","=""""",3,4.08,Tor Books,Hardcover,472,2014,2006,2016/03/29,2016/03/17,2016,2016 (#10),read,,,,1,0
17934530,"Annihilation (Southern Reach, #1)",Jeff VanderMeer,"VanderMeer, Jeff",,"=""0374104093""","=""9780374104092""",3,3.79,"Farrar, Straus and Giroux",Paperback,195,2014,2014,2016/03/26,2015/06/22,2016,2016 (#9),read,,,,1,0
22876736,Smart about Cities—Visualizing the Challenge for 21st Century Urbanism,Maarten Hajer,"Hajer, Maarten",Ton Dassen,"=""9462081484""","=""9789462081482""",3,3.62,nai010/PBL,Paperback,184,2014,2014,2016/03/17,2016/01/26,2016,2016 (#8),read,,,,1,0
4929,Kafka on the Shore,Haruki Murakami,"Murakami, Haruki",Philip Gabriel,"=""1400079276""","=""9781400079278""",5,4.12,Vintage International,Paperback,467,2006,2002,2016/03/16,2015/11/28,2016,2016 (#7),read,,,,1,0
7029563,Zendegi,Greg Egan,"Egan, Greg",,"=""1597801747""","=""9781597801744""",3,3.47,Night Shade Books,Hardcover,288,2010,2010,2016/02/26,2016/01/20,2016,2016 (#6),read,,,,1,0
18630,"The Player of Games (Culture, #2)",Iain M. Banks,"Banks, Iain M.",,"=""0061053562""","=""9780061053566""",4,4.28,HarperCollins,Paperback,293,1997,1988,2016/02/20,2015/11/18,2016,2016 (#5),read,,,,1,0
18373,Flowers for Algernon,Daniel Keyes,"Keyes, Daniel",,"=""015603008X""","=""9780156030083""",5,4.23,Harvest Books,Paperback,311,2004,1966,2016/01/29,2015/05/25,2016,2016 (#4),read,,,,1,0
17470674,Fahrenheit 451,Ray Bradbury,"Bradbury, Ray",,"=""0007491565""","=""9780007491568""",4,3.97,Harper Voyager,Hardcover,227,2013,1953,2016/01/26,2016/01/07,2016,2016 (#3),read,,,,1,0
1282266,Hunter's Run,George R.R. Martin,"Martin, George R.R.","Gardner Dozois, Daniel Abraham","=""006137329X""","=""9780061373299""",2,3.70,Harper Voyager,Hardcover,320,2008,2007,2016/01/17,2016/01/12,2016,2016 (#2),read,,,,1,0
77565,"The Fall of Hyperion (Hyperion Cantos, #2)",Dan Simmons,"Simmons, Dan",,"=""0553288202""","=""9780553288209""",3,4.24,Spectra,Mass Market Paperback,517,1995,1990,2016/01/12,2015/10/17,2016,2016 (#1),read,,,,1,0
41811,"The Caves of Steel (Robot, #1)",Isaac Asimov,"Asimov, Isaac",,"=""""","=""""",3,4.19,Voyager,Mass Market Paperback,206,1997,1953,2015/12/30,2015/12/29,2015,2015 (#24),read,,,,1,0
581720,The Passion of New Eve,Angela Carter,"Carter, Angela",,"=""0860683419""","=""9780860683414""",3,3.67,Virago,Paperback,187,1992,1977,,2015/11/18,2015,2015 (#23),read,,,,1,0
22590,Ubik,Philip K. Dick,"Dick, Philip K.",,"=""8498000831""","=""9788498000832""",4,4.11,La factoría de ideas,Paperback,288,2004,1969,,2015/06/03,2015,2015 (#22),read,,,,1,0
63720,"The Fifth Elephant (Discworld, #24; City Watch, #5)",Terry Pratchett,"Pratchett, Terry",,"=""0552154229""","=""9780552154222""",3,4.31,Corgi,Paperback,464,2009,1999,2015/12/14,2015/10/25,2015,2015 (#21),read,,,,1,0
123063,Under the Skin,Michel Faber,"Faber, Michel",,"=""1841954802""","=""9781841954806""",5,3.75,Canongate Books Ltd,Paperback,296,2004,2000,,2015/11/28,2015,2015 (#20),read,,,,1,0
29580,"Second Foundation (Foundation, #3)",Isaac Asimov,"Asimov, Isaac",,"=""0553803735""","=""9780553803730""",3,4.27,Bantam Spectra,Hardcover,256,2004,1953,2015/11/22,2015/11/15,2015,2015 (#19),read,,,,1,0
29581,"Foundation and Empire (Foundation, #2)",Isaac Asimov,"Asimov, Isaac",,"=""0553803727""","=""9780553803723""",3,4.22,Spectra,Hardcover,256,2004,1952,,2015/11/15,2015,2015 (#18),read,,,,1,0
13453029,"Wool Omnibus (Silo, #1)",Hugh Howey,"Howey, Hugh",,"=""""","=""""",3,4.20,Broad Reach Publishing,Paperback,509,2012,2012,,2015/10/17,2015,2015 (#17),read,,,,1,0
51964,"Old Man's War (Old Man's War, #1)",John Scalzi,"Scalzi, John",,"=""0765348276""","=""9780765348272""",3,4.23,Tor Books,Mass Market Paperback,318,2007,2005,2015/10/11,2015/05/25,2015,2015 (#16),read,,,,1,0
11,"The Hitchhiker's Guide to the Galaxy (Hitchhiker's Guide to the Galaxy, #1)",Douglas Adams,"Adams, Douglas",,"=""""","=""""",3,4.22,Del Rey Books,Mass Market Paperback,216,2005,1979,,2015/10/05,2015,2015 (#15),read,,,,1,0
18657726,Tegen verkiezingen,David Van Reybrouck,"Reybrouck, David Van",,"=""9023478339""","=""9789023478331""",4,4.20, De Bezige Bij,ebook,128,2013,2013,2015/09/23,2015/09/20,2015,2015 (#14),read,,,,1,0
4981,Slaughterhouse-Five,Kurt Vonnegut Jr.,"Jr., Kurt Vonnegut",,"=""""","=""""",4,4.10,Dial Press,Paperback,275,1999,1969,2015/09/20,2015/02/25,2015,2015 (#13),read,,,,1,0
4703581,The City & the City,China Miéville,"Miéville, China",,"=""0345497511""","=""9780345497512""",3,3.90,Del Rey/Ballantine Books,Hardcover,312,2009,2009,,2015/09/07,2015,2015 (#11),read,,,,1,0
6288,The Road,Cormac McCarthy,"McCarthy, Cormac",,"=""0307265439""","=""9780307265432""",4,4.00,Alfred A. Knopf,Hardcover,241,2006,2006,,2014/10/08,2014,2014 (#4),read,,,,1,0
234225,"Dune (Dune, #1)",Frank Herbert,"Herbert, Frank",,"=""0340839937""","=""9780340839935""",4,4.28,Hodder,Paperback,604,2006,1965,,2015/02/25,2014,2014 (#3),read,,,,1,0
9969571,"Ready Player One (Ready Player One, #1)",Ernest Cline,"Cline, Ernest",,"=""030788743X""","=""9780307887436""",4,4.23,Crown Publishers,Hardcover,480,2011,2011,,2015/02/25,2014,2014 (#2),read,,,,1,0
18302455,"The Circle (The Circle, #1)",Dave Eggers,"Eggers, Dave",,"=""""","=""""",2,3.43,Knopf,Hardcover,493,2013,2013,,2015/02/25,2014,2014 (#1),read,,,,1,0
5470,1984,George Orwell,"Orwell, George",,"=""""","=""""",5,4.20,New American Library,Mass Market Paperback,328,1950,1949,,2015/08/25,2015,2015 (#9),read,,,,1,0
18007564,The Martian,Andy Weir,"Weir, Andy",,"=""0804139024""","=""9780804139021""",2,4.42,Ballantine Books,Hardcover,384,2014,2011,,2015/02/25,2015,2015 (#8),read,,,,1,0
17214,Starship Troopers,Robert A. Heinlein,"Heinlein, Robert A.",,"=""""","=""""",4,4.01,Ace Books,Mass Market Paperback,264,1987,1959,,2015/02/25,2015,2015 (#6),read,,,,1,0
21611,"The Forever War (The Forever War, #1)",Joe Haldeman,"Haldeman, Joe",,"=""""","=""""",5,4.14,Voyager,Paperback,278,2003,1974,,2015/02/25,2015,2015 (#5),read,,,,1,0
830,Snow Crash,Neal Stephenson,"Stephenson, Neal",,"=""0553380958""","=""9780553380958""",5,4.01,Bantam Books,Paperback,438,2000,1992,,2015/05/25,2015,2015 (#4),read,,,,1,0
77566,"Hyperion (Hyperion Cantos, #1)",Dan Simmons,"Simmons, Dan",,"=""0553283685""","=""9780553283686""",4,4.27,Bantam Doubleday Dell Publishing Group,Mass Market Paperback,500,1990,1989,,2015/05/25,2015,2015 (#3),read,,,,1,0
29579,"Foundation (Foundation, #1)",Isaac Asimov,"Asimov, Isaac",,"=""0553803719""","=""9780553803716""",4,4.17,Bantam,Hardcover,244,2004,1951,,2015/06/22,2015,2015 (#2),read,,,,1,0
118585,Into the Heart of Borneo,Redmond O'Hanlon,"O'Hanlon, Redmond",,"=""0394755405""","=""9780394755403""",3,4.01,Knopf Doubleday Publishing Group,Paperback,207,1987,1984,,2015/08/09,2015,2015 (#1),read,,,,1,0
158683,"DMZ, Vol. 1: On the Ground",Brian Wood,"Wood, Brian","Riccardo Burchielli, Brian Azzarello","=""1401210627""","=""9781401210625""",4,3.89,Vertigo,Paperback,126,2006,2005,,2015/02/25,comics,comics (#14),read,,,,1,0
23901106,"Copperhead, Vol. 1: A New Sheriff in Town",Jay Faerber,"Faerber, Jay","Scott Godlewski, Ron Riley, Thomas Mauer","=""1632152215""","=""9781632152213""",3,3.85,Image Comics,Paperback,128,2015,2015,,2015/06/03,comics,comics (#9),read,,,,1,0
24484262,MPH,Mark Millar,"Millar, Mark","Duncan Fegredo, Peter Doherty, Mike Spicer","=""1632152657""","=""9781632152657""",2,3.54,Image Comics,Paperback,136,2015,2015,,2015/06/04,comics,comics (#15),read,,,,1,0
332631,"Y: The Last Man, Vol. 2: Cycles",Brian K. Vaughan,"Vaughan, Brian K.","Pia Guerra, José Marzán Jr.","=""1401200761""","=""9781401200763""",4,4.21,Vertigo,Paperback,128,2003,2003,,2015/06/03,comics,comics (#13),read,,,,1,0
156534,"Y: The Last Man, Vol. 1: Unmanned",Brian K. Vaughan,"Vaughan, Brian K.",Pia Guerra,"=""1563899809""","=""9781563899805""",4,4.08,Vertigo,Paperback,130,2003,2003,,2015/06/03,comics,comics (#12),read,,,,1,0
12509617,"B.P.R.D. Hell on Earth, Vol. 2: Gods and Monsters",Mike Mignola,"Mignola, Mike","John Arcudi, Guy Davis, Tyler Crook","=""1595828222""","=""9781595828224""",3,3.96,Dark Horse Books,Paperback,144,2012,2012,,2015/06/03,comics,comics (#11),read,,,,1,0
13078293,"Abe Sapien, Vol. 2: The Devil Does Not Jest and Other Stories",Mike Mignola,"Mignola, Mike","John Arcudi, James Harren, Patric Reynolds, Peter Snejbjerg, Dave Stewart, Scott Allie","=""1595829253""","=""9781595829252""",3,3.91,Dark Horse,Paperback,144,2012,2012,,2015/06/03,comics,comics (#10),read,,,,1,0
23093365,"Manifest Destiny, Vol. 2: Amphibia & Insecta",Chris Dingess,"Dingess, Chris","Matthew Roberts, Owen Gieni","=""1632150522""","=""9781632150523""",3,4.03,Image Comics,Paperback,128,2015,2014,,2015/06/03,comics,comics (#8),read,,,,1,0
20881158,"Manifest Destiny, Vol. 1: Flora & Fauna",Chris Dingess,"Dingess, Chris","Matthew Roberts, Owen Gieni","=""1607069822""","=""9781607069829""",3,3.90,Image Comics,Paperback,128,2014,2014,,2015/06/03,comics,comics (#7),read,,,,1,0
4965665,"Star Wars: Legacy, Volume 4: Alliance",John Ostrander,"Ostrander, John","Alan Robinson R., Jan Duursema","=""1595822232""","=""9781595822239""",3,3.94,Dark Horse Comics Inc,Paperback,104,2008,2004,,2014/12/28,comics,comics (#6),read,,,,1,0
13637111,"Peter Panzerfaust, Vol. 1: The Great Escape",Kurtis J. Wiebe,"Wiebe, Kurtis J.",Tyler Jenkins,"=""1607065827""","=""9781607065821""",2,3.79,Image Comics,Paperback,128,2012,2012,,2015/02/25,comics,comics (#5),read,,,,1,0
23093367,"Saga, Volume 4",Brian K. Vaughan,"Vaughan, Brian K.",Fiona Staples,"=""1632150778""","=""9781632150776""",5,4.41,Image Comics,Paperback,144,2014,2014,,2015/06/03,comics,comics (#4),read,,,,1,0
19358975,"Saga, Volume 3",Brian K. Vaughan,"Vaughan, Brian K.",Fiona Staples,"=""1607069318""","=""9781607069317""",5,4.48,Image Comics,Paperback,144,2014,2014,,2015/06/03,comics,comics (#3),read,,,,1,0
17131869,"Saga, Volume 2",Brian K. Vaughan,"Vaughan, Brian K.",Fiona Staples,"=""1607066920""","=""9781607066927""",5,4.49,Image Comics,Paperback,144,2013,2013,,2015/06/03,comics,comics (#2),read,,,,1,0
373755,"Absalom, Absalom!",William Faulkner,"Faulkner, William",,"=""0679732187""","=""9780679732181""",0,3.99,Vintage,Paperback,316,1990,1936,,2015/02/25,to-read,to-read (#1),to-read,,,,0,0
